event_id,stock_code,stock_name,ann_date,ann_type,mandate,placee_disclosure_type,R1_combo_bsgs,R2a_near_5pct,R2b_equal_split,R2c_hidden_pool,R2_candidate_computed_pct,R2_note,R3_offchain_block_25_30,R4_price_at_20pct_floor,R5_insider_sell_high,R6_director_sell_next_day,R7_satellite_dump,R8_low_turnover_shell,R9_auction_anomaly,alert_score,n_placee_rows,n_named_placees,price,ret_ann_30,ret_ann_90,crash_flag
MANUAL_02113_02/09/26,02113,世紀集團國際,2026-09-02,新股,一般授權,DIRECT_SUBSCRIPTION,True,True,True,True,False,n=4 explicit/exact,NOT_TESTED,False,NOT_TESTED,NOT_TESTED,True,True,NOT_TESTED,5,8,8,0.27,0.406,0.406,False
配股_00254.hk_28/05/26,00254,國家聯合資源,2026-05-28,新股,一般授權,DIRECT_SUBSCRIPTION,True,False,False,False,False,,NOT_TESTED,False,NOT_TESTED,NOT_TESTED,True,True,NOT_TESTED,2,3,3,0.77,-0.8198,-0.8337,True
配股_00020.hk_17/04/26,00020,商湯－Ｗ,2026-04-17,新股,一般授權,AGENT_SOURCED,False,False,False,False,False,,NOT_TESTED,False,NOT_TESTED,NOT_TESTED,False,False,NOT_TESTED,0,1,0,1.91,-0.0995,-0.2363,False
配股_00020.hk_18/12/25,00020,商湯－Ｗ,2025-12-18,新股,一般授權,AGENT_SOURCED,False,False,False,False,False,,NOT_TESTED,False,NOT_TESTED,NOT_TESTED,False,False,NOT_TESTED,0,1,0,1.8,0.2751,0.1005,False
供股_00036.hk_11/11/24,00036,遠東控股國際,2024-11-11,供股,,UNKNOWN,False,False,False,False,False,,NOT_TESTED,,NOT_TESTED,NOT_TESTED,False,,NOT_TESTED,0,1,0,,-0.18,-0.49,False
供股_00048.hk_10/09/25,00048,中國汽車內飾,2025-09-10,供股,,UNKNOWN,False,False,False,False,False,,NOT_TESTED,,NOT_TESTED,NOT_TESTED,False,True,NOT_TESTED,0,1,0,,-0.0592,1.0724,False
供股_00073.hk_15/06/26,00073,亞洲果業,2026-06-15,供股,,UNKNOWN,False,False,False,False,False,,NOT_TESTED,,NOT_TESTED,NOT_TESTED,False,True,NOT_TESTED,0,1,0,,0.099,0.0599,False
配股_00080.hk_29/05/26,00080,ＣＡＩ控股,2026-05-29,新股,特別授權,NO_DEF,False,False,False,False,False,,NOT_TESTED,False,NOT_TESTED,NOT_TESTED,False,False,NOT_TESTED,0,1,0,0.329,-0.1167,-0.2,False
配股_00080.hk_17/12/25,00080,ＣＡＩ控股,2025-12-17,新股 - 代價發行,特別授權,NO_DEF,False,False,False,False,False,,NOT_TESTED,False,NOT_TESTED,NOT_TESTED,False,False,NOT_TESTED,0,1,0,0.36,-0.1842,-0.0658,False
供股_00080.hk_02/10/25,00080,ＣＡＩ控股,2025-10-02,供股,,UNKNOWN,False,False,False,False,False,,NOT_TESTED,,NOT_TESTED,NOT_TESTED,False,False,NOT_TESTED,0,1,0,,-0.1387,-0.2953,False
配股_00092.hk_20/08/26,00092,冠軍科技集團,2026-08-20,新股,一般授權,NO_DEF,False,False,False,False,False,,NOT_TESTED,False,NOT_TESTED,NOT_TESTED,False,True,NOT_TESTED,0,1,0,0.177,-0.1667,-0.1667,False
配股_00092.hk_12/01/26,00092,冠軍科技集團,2026-01-12,新股,一般授權,NO_DEF,False,False,False,False,False,,NOT_TESTED,False,NOT_TESTED,NOT_TESTED,False,True,NOT_TESTED,0,1,0,0.176,-0.1636,-0.1455,False
供股_00094.hk_10/06/25,00094,綠心集團,2025-06-10,供股,,NO_DEF,False,False,False,False,False,,NOT_TESTED,,NOT_TESTED,NOT_TESTED,False,True,NOT_TESTED,0,1,0,,0.3793,0.5172,False
配股_00100.hk_10/07/26,00100,MINIMAX-W,2026-07-10,新股,一般授權,AGENT_SOURCED,False,False,False,False,False,,NOT_TESTED,False,NOT_TESTED,NOT_TESTED,False,False,NOT_TESTED,0,1,0,268.0,0.2926,-0.0514,False
供股_00103.hk_13/05/25,00103,首佳科技,2025-05-13,供股,,UNKNOWN,False,False,False,False,False,,NOT_TESTED,,NOT_TESTED,NOT_TESTED,False,,NOT_TESTED,0,1,0,,,,
供股_00103.hk_13/09/24,00103,首佳科技,2024-09-13,供股,,UNKNOWN,False,False,False,False,False,,NOT_TESTED,,NOT_TESTED,NOT_TESTED,False,,NOT_TESTED,0,1,0,,,,
配股_00108.hk_05/12/25,00108,春雨醫療,2025-12-05,新股 - 代價發行,特別授權,NO_DEF,False,False,False,False,False,,NOT_TESTED,False,NOT_TESTED,NOT_TESTED,False,False,NOT_TESTED,0,1,0,1.6,-0.1156,-0.2965,False
配股_00110.hk_31/03/26,00110,中國長遠,2026-03-31,新股,一般授權,DIRECT_SUBSCRIPTION,False,False,False,False,False,,NOT_TESTED,False,NOT_TESTED,NOT_TESTED,False,True,NOT_TESTED,0,5,5,0.26,1.4103,2.5385,False
供股_00122.hk_22/10/25,00122,鱷魚恤,2025-10-22,供股,,UNKNOWN,False,False,False,False,False,,NOT_TESTED,,NOT_TESTED,NOT_TESTED,False,True,NOT_TESTED,0,1,0,,-0.1634,-0.1801,False
配股_00139.hk_22/01/26,00139,小魚盈通,2026-01-22,新股,特別授權,AGENT_SOURCED,False,False,False,False,False,,NOT_TESTED,False,NOT_TESTED,NOT_TESTED,False,False,NOT_TESTED,0,1,0,0.16,-0.0462,-0.2486,False
供股_00145.hk_09/10/25,00145,信能低碳,2025-10-09,供股,,UNKNOWN,False,False,False,False,False,,NOT_TESTED,,NOT_TESTED,NOT_TESTED,False,True,NOT_TESTED,0,1,0,,,,True
供股_00163.hk_31/07/24,00163,英皇國際,2024-07-31,供股,,UNKNOWN,False,False,False,False,False,,NOT_TESTED,,NOT_TESTED,NOT_TESTED,False,,NOT_TESTED,0,1,0,,,,
配股_00164.hk_30/03/26,00164,中國寶力科技,2026-03-30,新股,一般授權,AGENT_SOURCED,False,False,False,False,False,,NOT_TESTED,True,NOT_TESTED,NOT_TESTED,False,True,NOT_TESTED,0,1,0,0.325,0.284,0.1605,False
供股_00164.hk_18/02/25,00164,中國寶力科技,2025-02-18,認購,特別授權,AGENT_SOURCED,False,False,False,False,False,,NOT_TESTED,,NOT_TESTED,NOT_TESTED,False,,NOT_TESTED,0,1,0,0.4,-0.0941,0.0,False
配股_00164.hk_19/05/26,00164,中國寶力科技,2026-05-19,新股,一般授權,DIRECT_SUBSCRIPTION,False,False,False,False,False,,NOT_TESTED,False,NOT_TESTED,NOT_TESTED,False,True,NOT_TESTED,0,8,8,0.42,-0.0673,-0.0962,False
配股_00164.hk_30/08/26,00164,中國寶力科技,2026-08-30,新股,特別授權,DIRECT_SUBSCRIPTION,False,False,False,False,False,,NOT_TESTED,,NOT_TESTED,NOT_TESTED,False,,NOT_TESTED,0,2,2,0.481,,,
配股_00167.hk_13/02/26,00167,IDT INT'L,2026-02-13,新股,一般授權,AGENT_SOURCED,False,False,False,False,False,,NOT_TESTED,False,NOT_TESTED,NOT_TESTED,False,False,NOT_TESTED,0,1,0,1.88,1.6496,2.3889,False
配股_00174.hk_07/06/26,00174,盛洋投資,2026-06-07,新股,一般授權,DIRECT_SUBSCRIPTION,False,False,False,False,False,,NOT_TESTED,False,NOT_TESTED,NOT_TESTED,False,True,NOT_TESTED,0,1,1,0.18,-0.0894,-0.0894,False
配股_00197.hk_08/10/25,00197,亨泰,2025-10-08,先舊後新,一般授權,NO_DEF,False,False,False,False,False,,NOT_TESTED,False,NOT_TESTED,NOT_TESTED,False,True,NOT_TESTED,0,1,0,0.476,-0.4138,-0.4741,False
供股_00197.hk_08/04/24,00197,亨泰,2024-04-08,供股,,UNKNOWN,False,False,False,False,False,,NOT_TESTED,,NOT_TESTED,NOT_TESTED,False,,NOT_TESTED,0,1,0,,0.3733,1.7,False
配股_00199.hk_22/04/26,00199,德祥地產,2026-04-22,新股,一般授權,AGENT_SOURCED,False,False,False,False,False,,NOT_TESTED,False,NOT_TESTED,NOT_TESTED,False,False,NOT_TESTED,0,1,0,0.8,1.5222,1.9889,False
配股_00199.hk_20/01/26,00199,德祥地產,2026-01-20,新股,一般授權,NO_DEF,False,False,False,False,False,,NOT_TESTED,True,NOT_TESTED,NOT_TESTED,False,False,NOT_TESTED,0,1,0,1.14,,,False
配股_00199.hk_25/11/25,00199,德祥地產,2025-11-25,新股,一般授權,DIRECT_SUBSCRIPTION,False,False,False,False,False,,NOT_TESTED,,NOT_TESTED,NOT_TESTED,False,True,NOT_TESTED,0,1,1,0.7,-0.0462,-0.2846,False
供股_00200.hk_25/04/25,00200,新濠國際發展,2025-04-25,供股,,UNKNOWN,False,False,False,False,False,,NOT_TESTED,,NOT_TESTED,NOT_TESTED,False,,NOT_TESTED,0,1,0,,0.3181,1.1955,False
配股_00204.hk_24/12/25,00204,資本界金控,2025-12-24,新股,一般授權,AGENT_SOURCED,False,False,False,False,False,,NOT_TESTED,False,NOT_TESTED,NOT_TESTED,False,True,NOT_TESTED,0,1,0,0.183,0.1497,0.1123,False
供股_00204.hk_13/05/25,00204,資本界金控,2025-05-13,供股,,UNKNOWN,False,False,False,False,False,,NOT_TESTED,,NOT_TESTED,NOT_TESTED,False,True,NOT_TESTED,0,1,0,,-0.0833,-0.0417,False
供股_00205.hk_07/05/25,00205,BFB HEALTH,2025-05-07,供股,,UNKNOWN,False,False,False,False,False,,NOT_TESTED,,NOT_TESTED,NOT_TESTED,False,True,NOT_TESTED,0,1,0,,0.188,1.1053,False
供股_00209.hk_15/10/25,00209,萬維智能科技,2025-10-15,供股,,UNKNOWN,False,False,False,False,False,,NOT_TESTED,,NOT_TESTED,NOT_TESTED,False,True,NOT_TESTED,0,1,0,,0.062,1.1127,False
配股_00223.hk_12/01/26,00223,易生活控股,2026-01-12,新股,特別授權,NO_DEF,False,False,False,False,False,,NOT_TESTED,False,NOT_TESTED,NOT_TESTED,False,True,NOT_TESTED,0,1,0,0.102,0.2698,-0.0159,False
供股_00223.hk_21/11/24,00223,易生活控股,2024-11-21,供股,,UNKNOWN,False,False,False,False,False,,NOT_TESTED,,NOT_TESTED,NOT_TESTED,False,,NOT_TESTED,0,1,0,,-0.137,-0.0753,False
供股_00228.hk_14/08/25,00228,中能控股,2025-08-14,供股,,UNKNOWN,False,False,False,False,False,,NOT_TESTED,,NOT_TESTED,NOT_TESTED,False,True,NOT_TESTED,0,1,0,,-0.3333,,False
供股_00248.hk_02/01/26,00248,香港通訊國際控股,2026-01-02,供股,,UNKNOWN,False,False,False,False,False,,NOT_TESTED,,NOT_TESTED,NOT_TESTED,False,True,NOT_TESTED,0,1,0,,-0.0698,-0.157,False
供股_00256.hk_05/05/26,00256,冠城鐘錶珠寶,2026-05-05,供股,,UNKNOWN,False,False,False,False,False,,NOT_TESTED,,NOT_TESTED,NOT_TESTED,False,True,NOT_TESTED,0,1,0,,-0.0526,-0.0789,False
配股_00261.hk_03/08/26,00261,ＧＢＡ集團,2026-08-03,新股,一般授權,AGENT_SOURCED,False,False,False,False,False,,NOT_TESTED,False,NOT_TESTED,NOT_TESTED,False,True,NOT_TESTED,0,1,0,0.2,0.1416,0.1233,False
配股_00264.hk_17/03/26,00264,中聯發展控股,2026-03-17,新股,一般授權,AGENT_SOURCED,False,False,False,False,False,,NOT_TESTED,,NOT_TESTED,NOT_TESTED,False,,NOT_TESTED,0,1,0,1.83,,,
配股_00264.hk_06/01/26,00264,中聯發展控股,2026-01-06,新股,一般授權,AGENT_SOURCED,False,False,False,False,False,,NOT_TESTED,,NOT_TESTED,NOT_TESTED,False,,NOT_TESTED,0,1,0,2.16,,,
配股_00264.hk_30/09/25,00264,中聯發展控股,2025-09-30,新股,一般授權,AGENT_SOURCED,False,False,False,False,False,,NOT_TESTED,,NOT_TESTED,NOT_TESTED,False,,NOT_TESTED,0,1,0,1.75,,,
配股_00279.hk_20/04/26,00279,裕承科金,2026-04-20,新股,一般授權,AGENT_SOURCED,False,False,False,False,False,,NOT_TESTED,False,NOT_TESTED,NOT_TESTED,False,True,NOT_TESTED,0,1,0,0.49,-0.2083,-0.3917,False
供股_00286.hk_20/03/24,00286,愛帝宮,2024-03-20,供股,,UNKNOWN,False,False,False,False,False,,NOT_TESTED,,NOT_TESTED,NOT_TESTED,False,,NOT_TESTED,0,1,0,,,,
配股_00290.hk_03/08/26,00290,國富量子,2026-08-03,先舊後新,一般授權,NO_DEF,False,False,False,False,False,,NOT_TESTED,False,NOT_TESTED,NOT_TESTED,False,False,NOT_TESTED,0,1,0,1.6,-0.1044,-0.1099,False
配股_00302.hk_21/04/26,00302,中手游,2026-04-21,新股,一般授權,DIRECT_SUBSCRIPTION,False,False,False,False,False,,NOT_TESTED,,NOT_TESTED,NOT_TESTED,False,,NOT_TESTED,0,3,3,0.244,,,
配股_00309.hk_07/05/26,00309,新華通訊頻媒,2026-05-07,新股,一般授權,AGENT_SOURCED,False,False,False,False,False,,NOT_TESTED,False,NOT_TESTED,NOT_TESTED,False,True,NOT_TESTED,0,1,0,0.033,-0.2432,-0.3243,False
配股_00309.hk_02/09/26,00309,新華通訊頻媒,2026-09-02,新股,一般授權,AGENT_SOURCED,False,False,False,False,False,,NOT_TESTED,,NOT_TESTED,NOT_TESTED,False,,NOT_TESTED,0,1,0,0.8,,,
配股_00310.hk_10/02/26,00310,嘉進投資國際,2026-02-10,新股,特別授權,AGENT_SOURCED,False,False,False,False,False,,NOT_TESTED,False,NOT_TESTED,NOT_TESTED,False,True,NOT_TESTED,0,1,0,0.12,0.25,-0.1458,False
配股_00318.hk_03/12/25,00318,黃河實業,2025-12-03,新股 - 代價發行,一般授權,NO_DEF,False,False,False,False,False,,NOT_TESTED,False,NOT_TESTED,NOT_TESTED,False,True,NOT_TESTED,0,1,0,0.475,0.1455,0.1455,False
供股_00328.hk_25/03/26,00328,ALCO HOLDINGS,2026-03-25,供股,,UNKNOWN,False,False,False,False,False,,NOT_TESTED,,NOT_TESTED,NOT_TESTED,False,True,NOT_TESTED,0,1,0,,0.0418,-0.3293,False
供股_00328.hk_08/07/25,00328,ALCO HOLDINGS,2025-07-08,供股,,UNKNOWN,False,False,False,False,False,,NOT_TESTED,,NOT_TESTED,NOT_TESTED,False,True,NOT_TESTED,0,1,0,,0.0322,-0.1181,False
配股_00332.hk_31/08/26,00332,元亨燃氣,2026-08-31,新股,一般授權,DIRECT_SUBSCRIPTION,False,False,False,False,False,,NOT_TESTED,,NOT_TESTED,NOT_TESTED,False,,NOT_TESTED,0,1,1,0.157,,,
供股_00339.hk_09/05/25,00339,全球數字控股,2025-05-09,供股,,UNKNOWN,False,False,False,False,False,,NOT_TESTED,,NOT_TESTED,NOT_TESTED,False,True,NOT_TESTED,0,1,0,,0.0,0.4952,False
配股_00339.hk_11/09/26,00339,全球數字控股,2026-09-11,新股,一般授權,AGENT_SOURCED,False,False,False,False,False,,NOT_TESTED,,NOT_TESTED,NOT_TESTED,False,,NOT_TESTED,0,1,0,0.56,,,
配股_00340.hk_19/12/25,00340,潼關黃金,2025-12-19,新股 - 代價發行,一般授權,NO_DEF,False,False,False,False,False,,NOT_TESTED,False,NOT_TESTED,NOT_TESTED,False,False,NOT_TESTED,0,1,0,2.6,0.1803,0.1288,False
配股_00343.hk_29/04/26,00343,文化傳信,2026-04-29,新股,特別授權,DIRECT_SUBSCRIPTION,False,False,False,False,False,,NOT_TESTED,False,NOT_TESTED,NOT_TESTED,False,True,NOT_TESTED,0,1,1,0.107,-0.0952,-0.1746,False
配股_00348.hk_05/08/26,00348,中國智能健康,2026-08-05,新股,一般授權,DIRECT_SUBSCRIPTION,False,False,False,False,False,,NOT_TESTED,False,NOT_TESTED,NOT_TESTED,False,True,NOT_TESTED,0,1,1,0.07,0.2333,0.2333,False
配股_00353.hk_24/12/25,00353,能源國際投資,2025-12-24,新股,特別授權,DIRECT_SUBSCRIPTION,False,False,False,False,False,,NOT_TESTED,True,NOT_TESTED,NOT_TESTED,False,True,NOT_TESTED,0,1,1,0.245,0.0833,0.4,False
配股_00356.hk_22/05/26,00356,鼎立資本,2026-05-22,新股,一般授權,DIRECT_SUBSCRIPTION,False,False,False,False,False,,NOT_TESTED,False,NOT_TESTED,NOT_TESTED,False,True,NOT_TESTED,0,1,1,0.049,-0.4035,-0.462,False
供股_00362.hk_03/03/25,00362,中國天化工,2025-03-03,供股,,NO_DEF,False,False,False,False,False,,NOT_TESTED,,NOT_TESTED,NOT_TESTED,False,,NOT_TESTED,0,1,0,,,,
供股_00370.hk_27/08/26,00370,港仔機器人,2026-08-27,供股,,UNKNOWN,False,False,False,False,False,,NOT_TESTED,,NOT_TESTED,NOT_TESTED,False,,NOT_TESTED,0,1,0,,,,
配股_00377.hk_02/07/26,00377,中國華君,2026-07-02,新股,一般授權,AGENT_SOURCED,False,False,False,False,False,,NOT_TESTED,,NOT_TESTED,NOT_TESTED,False,True,NOT_TESTED,0,1,0,1.09,1.6607,3.1875,False
配股_00377.hk_30/06/26,00377,中國華君,2026-06-30,新股,一般授權,AGENT_SOURCED,False,False,False,False,False,,NOT_TESTED,,NOT_TESTED,NOT_TESTED,False,True,NOT_TESTED,0,1,0,1.09,,,False
配股_00377.hk_26/06/26,00377,中國華君,2026-06-26,新股,一般授權,NO_DEF,False,False,False,False,False,,NOT_TESTED,,NOT_TESTED,NOT_TESTED,False,True,NOT_TESTED,0,1,0,1.0,,,False
配股_00381.hk_17/06/26,00381,權識國際,2026-06-17,新股,特別授權,NO_DEF,False,False,False,False,False,,NOT_TESTED,False,NOT_TESTED,NOT_TESTED,False,False,NOT_TESTED,0,1,0,0.113,-0.2,-0.1905,False
配股_00389.hk_26/07/26,00389,通天酒業,2026-07-26,新股,一般授權,AGENT_SOURCED,False,False,False,False,False,,NOT_TESTED,True,NOT_TESTED,NOT_TESTED,False,True,NOT_TESTED,0,1,0,0.145,1.1345,0.7251,False
供股_00397.hk_29/04/26,00397,嬴集團,2026-04-29,供股,,UNKNOWN,False,False,False,False,False,,NOT_TESTED,,NOT_TESTED,NOT_TESTED,False,True,NOT_TESTED,0,1,0,,-0.1111,-0.1333,False
供股_00401.hk_30/12/25,00401,萬嘉集團,2025-12-30,供股,,UNKNOWN,False,False,False,False,False,,NOT_TESTED,,NOT_TESTED,NOT_TESTED,False,True,NOT_TESTED,0,1,0,,0.0606,0.8889,False
配股_00419.hk_06/07/26,00419,弘毅文化集團,2026-07-06,新股,一般授權,NO_DEF,False,False,False,False,False,,NOT_TESTED,False,NOT_TESTED,NOT_TESTED,False,True,NOT_TESTED,0,1,0,0.4,0.5208,0.0,False
配股_00419.hk_26/05/26,00419,弘毅文化集團,2026-05-26,新股,一般授權,NO_DEF,False,False,False,False,False,,NOT_TESTED,False,NOT_TESTED,NOT_TESTED,False,True,NOT_TESTED,0,1,0,0.485,-0.0412,-0.0103,False
配股_00419.hk_06/11/25,00419,弘毅文化集團,2025-11-06,新股,一般授權,NO_DEF,False,False,False,False,False,,NOT_TESTED,False,NOT_TESTED,NOT_TESTED,False,False,NOT_TESTED,0,1,0,0.039,-0.1125,-0.3625,False
配股_00428.hk_28/05/26,00428,中國天弓控股,2026-05-28,新股,一般授權,AGENT_SOURCED,False,False,False,False,False,,NOT_TESTED,True,NOT_TESTED,NOT_TESTED,False,True,NOT_TESTED,0,1,0,0.2,-0.0976,-0.187,False
供股_00442.hk_12/11/25,00442,域能控股,2025-11-12,供股,特別授權,NO_DEF,False,False,False,False,False,,NOT_TESTED,False,NOT_TESTED,NOT_TESTED,False,True,NOT_TESTED,0,1,0,2.5,-0.0247,0.0,False
配股_00451.hk_08/01/26,00451,時代數字,2026-01-08,新股,一般授權,NO_DEF,False,False,False,False,False,,NOT_TESTED,,NOT_TESTED,NOT_TESTED,False,,NOT_TESTED,0,1,0,1.033,,,
配股_00451.hk_20/04/26,00451,時代數字,2026-04-20,新股,一般授權,DIRECT_SUBSCRIPTION,False,False,False,False,False,,NOT_TESTED,,NOT_TESTED,NOT_TESTED,False,,NOT_TESTED,0,1,1,1.05,,,
配股_00456.hk_04/05/26,00456,新城市建設發展,2026-05-04,新股,一般授權,AGENT_SOURCED,False,False,False,False,False,,NOT_TESTED,False,NOT_TESTED,NOT_TESTED,False,True,NOT_TESTED,0,1,0,0.373,0.5294,0.3412,False
配股_00464.hk_06/11/25,00464,中國智能科技,2025-11-06,新股,一般授權,AGENT_SOURCED,False,False,False,False,False,,NOT_TESTED,False,NOT_TESTED,NOT_TESTED,False,False,NOT_TESTED,0,1,0,0.9,0.375,-0.3125,False
供股_00471.hk_19/11/25,00471,中播數據,2025-11-19,供股,,UNKNOWN,False,False,False,False,False,,NOT_TESTED,,NOT_TESTED,NOT_TESTED,False,True,NOT_TESTED,0,1,0,,0.0257,0.2846,False
配股_00472.hk_28/04/26,00472,新絲路控股集團,2026-04-28,新股,一般授權,AGENT_SOURCED,False,False,False,False,False,,NOT_TESTED,False,NOT_TESTED,NOT_TESTED,False,True,NOT_TESTED,0,1,0,0.215,0.2556,-0.1031,False
配股_00474.hk_04/05/26,00474,信銘生命科技,2026-05-04,新股 - 代價發行,特別授權,NO_DEF,False,False,False,False,False,,NOT_TESTED,False,NOT_TESTED,NOT_TESTED,False,True,NOT_TESTED,0,1,0,0.12,-0.0667,-0.05,False
配股_00474.hk_30/01/26,00474,信銘生命科技,2026-01-30,新股 - 代價發行,一般授權,NO_DEF,False,False,False,False,False,,NOT_TESTED,False,NOT_TESTED,NOT_TESTED,False,False,NOT_TESTED,0,1,0,0.12,0.0,-0.0417,False
配股_00475.hk_28/11/25,00475,中發展控股,2025-11-28,新股,特別授權,NO_DEF,False,False,False,False,False,,NOT_TESTED,False,NOT_TESTED,NOT_TESTED,False,True,NOT_TESTED,0,1,0,0.01,0.4699,-0.1325,False
配股_00476.hk_10/11/25,00476,科軒動力控股,2025-11-10,新股,一般授權,NO_DEF,False,False,False,False,False,,NOT_TESTED,True,NOT_TESTED,NOT_TESTED,False,True,NOT_TESTED,0,1,0,0.78,-0.1429,-0.3297,False
供股_00476.hk_26/06/24,00476,科軒動力控股,2024-06-26,供股,,UNKNOWN,False,False,False,False,False,,NOT_TESTED,,NOT_TESTED,NOT_TESTED,False,,NOT_TESTED,0,1,0,,0.3226,1.9677,False
配股_00476.hk_04/05/26,00476,科軒動力控股,2026-05-04,新股,一般授權,DIRECT_SUBSCRIPTION,False,False,False,False,False,,NOT_TESTED,False,NOT_TESTED,NOT_TESTED,False,True,NOT_TESTED,0,1,1,0.52,-0.2018,0.193,False
配股_00476.hk_16/04/26,00476,科軒動力控股,2026-04-16,新股,特別授權,DIRECT_SUBSCRIPTION,False,False,False,False,False,,NOT_TESTED,False,NOT_TESTED,NOT_TESTED,False,True,NOT_TESTED,0,1,1,0.512,0.0,0.26,False
配股_00476.hk_24/07/26,00476,科軒動力控股,2026-07-24,新股,一般授權,DIRECT_SUBSCRIPTION,False,False,False,False,False,,NOT_TESTED,False,NOT_TESTED,NOT_TESTED,False,True,NOT_TESTED,0,1,1,0.5,0.5455,0.5682,False
配股_00476.hk_28/08/26,00476,科軒動力控股,2026-08-28,新股,特別授權,DIRECT_SUBSCRIPTION,False,False,False,False,False,,NOT_TESTED,False,NOT_TESTED,NOT_TESTED,False,True,NOT_TESTED,0,4,4,0.66,0.0952,0.0952,False
供股_00482.hk_24/10/25,00482,聖馬丁國際,2025-10-24,供股,,UNKNOWN,False,False,False,False,False,,NOT_TESTED,,NOT_TESTED,NOT_TESTED,False,True,NOT_TESTED,0,1,0,,0.0135,0.1959,False
配股_00485.hk_05/12/25,00485,中國華星,2025-12-05,新股,一般授權,DIRECT_SUBSCRIPTION,False,False,False,False,False,,NOT_TESTED,False,NOT_TESTED,NOT_TESTED,False,True,NOT_TESTED,0,1,1,0.3,0.4062,0.25,False
配股_00493.hk_05/06/26,00493,國美零售,2026-06-05,新股 - 代價發行,一般授權,NO_DEF,False,False,False,False,False,,NOT_TESTED,False,NOT_TESTED,NOT_TESTED,False,True,NOT_TESTED,0,1,0,0.014,-0.2308,-0.2308,False
配股_00493.hk_16/01/26,00493,國美零售,2026-01-16,新股,特別授權,DIRECT_SUBSCRIPTION,False,False,False,False,False,,NOT_TESTED,False,NOT_TESTED,NOT_TESTED,False,False,NOT_TESTED,0,2,2,0.015,-0.0667,-0.2,False
配股_00524.hk_24/04/26,00524,長城天下,2026-04-24,新股,一般授權,AGENT_SOURCED,False,False,False,False,False,,NOT_TESTED,False,NOT_TESTED,NOT_TESTED,False,True,NOT_TESTED,0,1,0,0.55,3.4182,2.5455,False
配股_00527.hk_23/06/26,00527,瑞風綠能智算,2026-06-23,新股,一般授權,AGENT_SOURCED,False,False,False,False,False,,NOT_TESTED,False,NOT_TESTED,NOT_TESTED,False,False,NOT_TESTED,0,1,0,0.55,-0.0615,-0.0615,False
配股_00544.hk_27/04/26,00544,大同集團,2026-04-27,新股,一般授權,DIRECT_SUBSCRIPTION,False,False,False,False,False,,NOT_TESTED,False,NOT_TESTED,NOT_TESTED,False,True,NOT_TESTED,0,1,1,2.0,-0.0341,-0.4886,False
配股_00544.hk_30/07/26,00544,大同集團,2026-07-30,新股,一般授權,DIRECT_SUBSCRIPTION,False,False,False,False,False,,NOT_TESTED,False,NOT_TESTED,NOT_TESTED,False,True,NOT_TESTED,0,1,1,0.75,-0.0867,-0.0765,False
配股_00544.hk_31/10/25,00544,大同集團,2025-10-31,新股,特別授權,DIRECT_SUBSCRIPTION,False,False,False,False,False,,NOT_TESTED,False,NOT_TESTED,NOT_TESTED,False,True,NOT_TESTED,0,3,3,2.0,-0.0537,-0.1463,False
配股_00568.hk_22/07/26,00568,山東墨龍,2026-07-22,新股,一般授權,NO_DEF,False,False,False,False,False,,NOT_TESTED,True,NOT_TESTED,NOT_TESTED,False,False,NOT_TESTED,0,1,0,4.58,-0.1878,-0.271,False
供股_00574.hk_16/04/26,00574,百信國際,2026-04-16,供股,,UNKNOWN,False,False,False,False,False,,NOT_TESTED,,NOT_TESTED,NOT_TESTED,False,True,NOT_TESTED,0,1,0,,-0.0263,-0.5263,False
供股_00582.hk_25/07/25,00582,神話世界,2025-07-25,供股,,UNKNOWN,False,False,False,False,False,,NOT_TESTED,,NOT_TESTED,NOT_TESTED,False,True,NOT_TESTED,0,1,0,,-0.0794,-0.0476,False
供股_00582.hk_18/04/24,00582,神話世界,2024-04-18,供股,,UNKNOWN,False,False,False,False,False,,NOT_TESTED,,NOT_TESTED,NOT_TESTED,False,,NOT_TESTED,0,1,0,,0.0234,-0.1016,False
配股_00596.hk_16/11/25,00596,浪潮數字企業,2025-11-16,新股,一般授權,AGENT_SOURCED,False,False,False,False,False,,NOT_TESTED,False,NOT_TESTED,NOT_TESTED,False,False,NOT_TESTED,0,1,0,7.3,-0.1961,-0.7409,False
配股_00601.hk_21/08/26,00601,稀鎂科技,2026-08-21,新股,一般授權,AGENT_SOURCED,False,False,False,False,False,,NOT_TESTED,False,NOT_TESTED,NOT_TESTED,False,True,NOT_TESTED,0,1,0,0.05,0.0,0.0,False
供股_00601.hk_19/11/24,00601,稀鎂科技,2024-11-19,供股,,UNKNOWN,False,False,False,False,False,,NOT_TESTED,,NOT_TESTED,NOT_TESTED,False,,NOT_TESTED,0,1,0,,0.3692,0.3231,False
配股_00607.hk_26/01/26,00607,豐盛控股,2026-01-26,新股,一般授權,AGENT_SOURCED,False,False,False,False,False,,NOT_TESTED,False,NOT_TESTED,NOT_TESTED,False,False,NOT_TESTED,0,1,0,1.04,0.0769,,False
配股_00616.hk_16/01/26,00616,財富鏈,2026-01-16,新股,一般授權,AGENT_SOURCED,False,False,False,False,False,,NOT_TESTED,False,NOT_TESTED,NOT_TESTED,False,False,NOT_TESTED,0,1,0,0.32,-0.0333,-0.4133,False
配股_00616.hk_16/12/25,00616,財富鏈,2025-12-16,新股,一般授權,NO_DEF,False,False,False,False,False,,NOT_TESTED,False,NOT_TESTED,NOT_TESTED,False,False,NOT_TESTED,0,1,0,0.297,-0.0299,-0.2388,False
配股_00616.hk_09/12/25,00616,財富鏈,2025-12-09,新股,一般授權,AGENT_SOURCED,False,False,False,False,False,,NOT_TESTED,True,NOT_TESTED,NOT_TESTED,False,False,NOT_TESTED,0,1,0,0.3,-0.0299,-0.1791,False
供股_00616.hk_15/10/24,00616,財富鏈,2024-10-15,供股,,UNKNOWN,False,False,False,False,False,,NOT_TESTED,,NOT_TESTED,NOT_TESTED,False,,NOT_TESTED,0,1,0,,-0.2376,1.7723,False
配股_00632.hk_23/06/26,00632,中港石油,2026-06-23,新股,一般授權,AGENT_SOURCED,False,False,False,False,False,,NOT_TESTED,False,NOT_TESTED,NOT_TESTED,False,False,NOT_TESTED,0,1,0,0.21,-0.2549,-0.2549,False
配股_00632.hk_05/06/26,00632,中港石油,2026-06-05,新股,一般授權,AGENT_SOURCED,False,False,False,False,False,,NOT_TESTED,False,NOT_TESTED,NOT_TESTED,False,False,NOT_TESTED,0,1,0,0.21,-0.16,-0.24,False
供股_00639.hk_23/09/24,00639,首鋼資源,2024-09-23,供股,,UNKNOWN,False,False,False,False,False,,NOT_TESTED,,NOT_TESTED,NOT_TESTED,False,,NOT_TESTED,0,1,0,,0.1174,0.2113,False
配股_00640.hk_17/11/25,00640,星謙發展,2025-11-17,新股,一般授權,AGENT_SOURCED,False,False,False,False,False,,NOT_TESTED,False,NOT_TESTED,NOT_TESTED,False,True,NOT_TESTED,0,1,0,2.335,-0.0286,-0.0069,False
配股_00643.hk_14/07/26,00643,恆富控股,2026-07-14,新股,一般授權,AGENT_SOURCED,False,False,False,False,False,,NOT_TESTED,False,NOT_TESTED,NOT_TESTED,False,True,NOT_TESTED,0,1,0,0.165,0.1939,0.0303,False
配股_00648.hk_10/03/26,00648,京玖康療,2026-03-10,新股,特別授權,NO_DEF,False,False,False,False,False,,NOT_TESTED,False,NOT_TESTED,NOT_TESTED,False,True,NOT_TESTED,0,1,0,0.28,0.0714,-0.8589,True
供股_00653.hk_17/04/25,00653,卓悅控股,2025-04-17,認購,特別授權,NO_DEF,False,False,False,False,False,,NOT_TESTED,,NOT_TESTED,NOT_TESTED,False,,NOT_TESTED,0,1,0,,-0.0115,0.1494,False
配股_00653.hk_06/02/26,00653,卓悅控股,2026-02-06,新股,一般授權,DIRECT_SUBSCRIPTION,False,False,False,False,False,,NOT_TESTED,False,NOT_TESTED,NOT_TESTED,False,True,NOT_TESTED,0,2,2,0.105,-0.4488,-0.874,False
配股_00653.hk_17/03/26,00653,卓悅控股,2026-03-17,新股,一般授權,DIRECT_SUBSCRIPTION,False,False,False,False,False,,NOT_TESTED,True,NOT_TESTED,NOT_TESTED,False,True,NOT_TESTED,0,1,1,0.069,-0.1264,-0.3333,False
配股_00666.hk_31/10/25,00666,瑞浦蘭鈞,2025-10-31,新股,一般授權,AGENT_SOURCED,False,False,False,False,False,,NOT_TESTED,False,NOT_TESTED,NOT_TESTED,False,False,NOT_TESTED,0,1,0,13.35,-0.0931,0.1396,False
供股_00673.hk_23/05/25,00673,中國衛生集團,2025-05-23,認購,特別授權,DIRECT_SUBSCRIPTION,False,False,False,False,False,,NOT_TESTED,,NOT_TESTED,NOT_TESTED,False,,NOT_TESTED,0,3,3,0.1,0.092,0.86,False
配股_00673.hk_02/02/26,00673,中國衛生集團,2026-02-02,新股,一般授權,DIRECT_SUBSCRIPTION,False,False,False,False,False,,NOT_TESTED,False,NOT_TESTED,NOT_TESTED,False,True,NOT_TESTED,0,1,1,0.53,-0.0492,-0.1311,False
配股_00682.hk_01/12/25,00682,超大現代,2025-12-01,新股,一般授權,NO_DEF,False,False,False,False,False,,NOT_TESTED,False,NOT_TESTED,NOT_TESTED,False,True,NOT_TESTED,0,1,0,0.225,0.1132,-0.1321,False
供股_00689.hk_13/01/26,00689,長盈集團（控股）,2026-01-13,供股,,UNKNOWN,False,False,False,False,False,,NOT_TESTED,,NOT_TESTED,NOT_TESTED,False,True,NOT_TESTED,0,1,0,,0.2275,0.5269,False
供股_00707.hk_02/08/24,00707,亞洲電視控股,2024-08-02,認購,特別授權,NO_DEF,False,False,False,False,False,,NOT_TESTED,,NOT_TESTED,NOT_TESTED,False,,NOT_TESTED,0,1,0,,,,
配股_00720.hk_13/02/26,00720,意達利控股,2026-02-13,新股,一般授權,DIRECT_SUBSCRIPTION,False,False,False,False,False,,NOT_TESTED,False,NOT_TESTED,NOT_TESTED,False,True,NOT_TESTED,0,1,1,0.3,0.2206,-0.0147,False
配股_00721.hk_11/03/26,00721,中國金融國際,2026-03-11,新股,特別授權,NO_DEF,False,False,False,False,False,,NOT_TESTED,False,NOT_TESTED,NOT_TESTED,False,True,NOT_TESTED,0,1,0,0.04,0.0351,-0.4246,False
配股_00724.hk_11/03/26,00724,瑞鑫國際集團,2026-03-11,新股,特別授權,UNKNOWN,False,False,False,False,False,,NOT_TESTED,,NOT_TESTED,NOT_TESTED,False,,NOT_TESTED,0,1,0,,,,
供股_00727.hk_21/11/25,00727,中國豐滙,2025-11-21,供股,,UNKNOWN,False,False,False,False,False,,NOT_TESTED,,NOT_TESTED,NOT_TESTED,False,True,NOT_TESTED,0,1,0,,0.0043,0.0145,False
供股_00727.hk_09/09/24,00727,中國豐滙,2024-09-09,供股,,UNKNOWN,False,False,False,False,False,,NOT_TESTED,,NOT_TESTED,NOT_TESTED,False,,NOT_TESTED,0,1,0,,0.0745,0.0037,False
供股_00730.hk_14/07/26,00730,首惠產業金融,2026-07-14,供股,,UNKNOWN,False,False,False,False,False,,NOT_TESTED,,NOT_TESTED,NOT_TESTED,False,True,NOT_TESTED,0,1,0,,0.0,0.0,False
配股_00736.hk_18/09/26,00736,中國置業投資,2026-09-18,新股,一般授權,AGENT_SOURCED,False,False,False,False,False,,NOT_TESTED,,NOT_TESTED,NOT_TESTED,False,,NOT_TESTED,0,1,0,0.188,,,
配股_00737.hk_12/06/26,00737,灣區發展,2026-06-12,新股,一般授權,DIRECT_SUBSCRIPTION,False,False,False,False,False,,NOT_TESTED,,NOT_TESTED,NOT_TESTED,False,,NOT_TESTED,0,1,1,1.8335,,,
供股_00745.hk_02/10/24,00745,中國國家文化產業,2024-10-02,供股,,UNKNOWN,False,False,False,False,False,,NOT_TESTED,,NOT_TESTED,NOT_TESTED,False,,NOT_TESTED,0,1,0,,-0.0118,2.1765,False
配股_00764.hk_17/12/25,00764,永恒策略,2025-12-17,新股,一般授權,AGENT_SOURCED,False,False,False,False,False,,NOT_TESTED,False,NOT_TESTED,NOT_TESTED,False,True,NOT_TESTED,0,1,0,1.0,-0.02,-0.505,False
供股_00765.hk_26/09/25,00765,PERFECTECH INTL,2025-09-26,供股,,NO_DEF,False,False,False,False,False,,NOT_TESTED,,NOT_TESTED,NOT_TESTED,False,True,NOT_TESTED,0,1,0,,0.0366,-0.2073,False
供股_00770.hk_15/01/26,00770,SHANGHAI GROWTH,2026-01-15,供股,,UNKNOWN,False,False,False,False,False,,NOT_TESTED,,NOT_TESTED,NOT_TESTED,False,,NOT_TESTED,0,1,0,,,,
配股_00776.hk_02/10/25,00776,帝國科技集團,2025-10-02,新股,一般授權,AGENT_SOURCED,False,False,False,False,False,,NOT_TESTED,False,NOT_TESTED,NOT_TESTED,False,True,NOT_TESTED,0,1,0,0.845,0.4377,0.0092,False
供股_00776.hk_23/06/26,00776,帝國科技集團,2026-06-23,配售,,NO_DEF,False,False,False,False,False,,NOT_TESTED,,NOT_TESTED,NOT_TESTED,False,True,NOT_TESTED,0,1,0,,-0.3797,-0.3797,False
配股_00804.hk_29/07/26,00804,鼎石資本,2026-07-29,新股,一般授權,AGENT_SOURCED,False,False,False,False,False,,NOT_TESTED,False,NOT_TESTED,NOT_TESTED,False,True,NOT_TESTED,0,1,0,5.22,1.1472,1.1994,False
配股_00804.hk_01/10/25,00804,鼎石資本,2025-10-01,新股 - 代價發行,特別授權,NO_DEF,False,False,False,False,False,,NOT_TESTED,False,NOT_TESTED,NOT_TESTED,False,True,NOT_TESTED,0,1,0,2.86,-0.1068,0.11,False
供股_00804.hk_10/06/25,00804,鼎石資本,2025-06-10,供股,,UNKNOWN,False,False,False,False,False,,NOT_TESTED,,NOT_TESTED,NOT_TESTED,False,True,NOT_TESTED,0,1,0,,0.3403,0.5123,False
配股_00810.hk_03/10/25,00810,中國鑄晨８１,2025-10-03,新股,一般授權,AGENT_SOURCED,False,False,False,False,False,,NOT_TESTED,False,NOT_TESTED,NOT_TESTED,False,True,NOT_TESTED,0,1,0,0.112,0.036,0.036,False
供股_00810.hk_19/12/25,00810,中國鑄晨８１,2025-12-19,供股,,UNKNOWN,False,False,False,False,False,,NOT_TESTED,,NOT_TESTED,NOT_TESTED,False,True,NOT_TESTED,0,1,0,,-0.0177,0.0885,False
配股_00813.hk_15/05/26,00813,世茂集團,2026-05-15,新股,一般授權,NO_DEF,False,False,False,False,False,,NOT_TESTED,,NOT_TESTED,NOT_TESTED,False,,NOT_TESTED,0,1,0,6.0,,,
配股_00815.hk_16/02/26,00815,中國白銀集團,2026-02-16,新股,特別授權,DIRECT_SUBSCRIPTION,False,False,False,False,False,,NOT_TESTED,,NOT_TESTED,NOT_TESTED,False,,NOT_TESTED,0,5,5,0.51,,,
配股_00821.hk_12/06/26,00821,匯盈控股,2026-06-12,新股,一般授權,NO_DEF,False,False,False,False,False,,NOT_TESTED,False,NOT_TESTED,NOT_TESTED,False,True,NOT_TESTED,0,1,0,0.218,0.0926,0.0741,False
供股_00821.hk_06/08/25,00821,匯盈控股,2025-08-06,認購,特別授權,AGENT_SOURCED,False,False,False,False,False,,NOT_TESTED,False,NOT_TESTED,NOT_TESTED,False,True,NOT_TESTED,0,1,0,0.45,0.0941,-0.2232,False
配股_00863.hk_29/01/26,00863,ＯＳＬ集團,2026-01-29,先舊後新,一般授權,AGENT_SOURCED,False,False,False,False,False,,NOT_TESTED,False,NOT_TESTED,NOT_TESTED,False,False,NOT_TESTED,0,1,0,14.9,-0.1747,-0.2618,False
配股_00866.hk_05/03/26,00866,中國秦發,2026-03-05,先舊後新,一般授權,AGENT_SOURCED,False,False,False,False,False,,NOT_TESTED,False,NOT_TESTED,NOT_TESTED,False,False,NOT_TESTED,0,1,0,3.51,-0.2345,-0.6495,False
配股_00875.hk_17/08/26,00875,從玉智農,2026-08-17,新股,一般授權,AGENT_SOURCED,False,False,False,False,False,,NOT_TESTED,False,NOT_TESTED,NOT_TESTED,False,False,NOT_TESTED,0,1,0,0.24,-0.0169,-0.0169,False
配股_00875.hk_01/04/26,00875,從玉智農,2026-04-01,新股,特別授權,AGENT_SOURCED,False,False,False,False,False,,NOT_TESTED,False,NOT_TESTED,NOT_TESTED,False,False,NOT_TESTED,0,1,0,0.45,0.1373,-0.3431,False
配股_00876.hk_18/03/26,00876,佳兆業健康,2026-03-18,新股 - 代價發行,特別授權,NO_DEF,False,False,False,False,False,,NOT_TESTED,False,NOT_TESTED,NOT_TESTED,False,False,NOT_TESTED,0,1,0,8.75,-0.4667,-0.8256,False
配股_00899.hk_24/08/26,00899,中加國信,2026-08-24,新股,一般授權,AGENT_SOURCED,False,False,False,False,False,,NOT_TESTED,False,NOT_TESTED,NOT_TESTED,False,True,NOT_TESTED,0,1,0,0.14,0.3062,0.3062,False
供股_00899.hk_15/09/25,00899,中加國信,2025-09-15,供股,,UNKNOWN,False,False,False,False,False,,NOT_TESTED,,NOT_TESTED,NOT_TESTED,False,True,NOT_TESTED,0,1,0,,0.0292,-0.0234,False
供股_00905.hk_09/04/24,00905,胡桃資本,2024-04-09,供股,,UNKNOWN,False,False,False,False,False,,NOT_TESTED,,NOT_TESTED,NOT_TESTED,False,,NOT_TESTED,0,1,0,,0.0465,1.0698,False
供股_00913.hk_26/05/26,00913,港灣數字,2026-05-26,供股,,UNKNOWN,False,False,False,False,False,,NOT_TESTED,,NOT_TESTED,NOT_TESTED,False,True,NOT_TESTED,0,1,0,,-0.1503,-0.1272,False
配股_00927.hk_16/01/26,00927,富士高實業,2026-01-16,新股,一般授權,AGENT_SOURCED,False,False,False,False,False,,NOT_TESTED,False,NOT_TESTED,NOT_TESTED,False,True,NOT_TESTED,0,1,0,0.54,-0.125,-0.2031,False
供股_00928.hk_23/07/26,00928,帝王國際投資,2026-07-23,供股,,UNKNOWN,False,False,False,False,False,,NOT_TESTED,,NOT_TESTED,NOT_TESTED,False,True,NOT_TESTED,0,1,0,,0.4521,0.4521,False
配股_00931.hk_05/03/26,00931,中國港能,2026-03-05,新股,特別授權,AGENT_SOURCED,False,False,False,False,False,,NOT_TESTED,,NOT_TESTED,NOT_TESTED,False,,NOT_TESTED,0,1,0,0.36,-0.0667,0.0667,False
配股_00931.hk_14/08/26,00931,中國港能,2026-08-14,新股,一般授權,DIRECT_SUBSCRIPTION,False,False,False,False,False,,NOT_TESTED,False,NOT_TESTED,NOT_TESTED,False,False,NOT_TESTED,0,1,1,0.267,0.1034,0.1034,False
配股_00931.hk_14/09/26,00931,中國港能,2026-09-14,新股,一般授權,DIRECT_SUBSCRIPTION,False,False,False,False,False,,NOT_TESTED,False,NOT_TESTED,NOT_TESTED,False,True,NOT_TESTED,0,1,1,0.29,0.0323,0.0323,False
配股_00931.hk_07/09/26,00931,中國港能,2026-09-07,新股,一般授權,DIRECT_SUBSCRIPTION,False,False,False,False,False,,NOT_TESTED,False,NOT_TESTED,NOT_TESTED,False,True,NOT_TESTED,0,1,1,0.29,0.0159,0.0159,False
配股_00943.hk_04/01/26,00943,中證國際,2026-01-04,新股 - 代價發行,一般授權,NO_DEF,False,False,False,False,False,,NOT_TESTED,,NOT_TESTED,NOT_TESTED,False,True,NOT_TESTED,0,1,0,0.1828,0.0755,-0.1085,False
供股_00943.hk_15/05/25,00943,中證國際,2025-05-15,供股,特別授權,AGENT_SOURCED,False,False,False,False,False,,NOT_TESTED,False,NOT_TESTED,NOT_TESTED,False,True,NOT_TESTED,0,1,0,4e-05,0.0,0.205,False
配股_00948.hk_12/11/25,00948,阿爾法企業,2025-11-12,先舊後新,一般授權,AGENT_SOURCED,False,False,False,False,False,,NOT_TESTED,False,NOT_TESTED,NOT_TESTED,False,True,NOT_TESTED,0,1,0,0.24,-0.1923,0.0,False
供股_00948.hk_12/08/26,00948,阿爾法企業,2026-08-12,供股,,UNKNOWN,False,False,False,False,False,,NOT_TESTED,,NOT_TESTED,NOT_TESTED,False,,NOT_TESTED,0,1,0,,,,
配股_00948.hk_12/02/26,00948,阿爾法企業,2026-02-12,新股,一般授權,DIRECT_SUBSCRIPTION,False,False,False,False,False,,NOT_TESTED,False,NOT_TESTED,NOT_TESTED,False,True,NOT_TESTED,0,1,1,0.28,-0.2636,-0.2485,False
配股_00953.hk_21/01/26,00953,邵氏兄弟控股,2026-01-21,新股 - 代價發行,特別授權,NO_DEF,False,False,False,False,False,,NOT_TESTED,False,NOT_TESTED,NOT_TESTED,False,True,NOT_TESTED,0,1,0,0.32,-0.3658,-0.5263,False
配股_00970.hk_16/01/26,00970,新耀萊,2026-01-16,新股,一般授權,DIRECT_SUBSCRIPTION,False,False,False,False,False,,NOT_TESTED,False,NOT_TESTED,NOT_TESTED,False,True,NOT_TESTED,0,1,1,0.38,0.0568,-0.1591,False
配股_00979.hk_15/07/26,00979,綠色能源科技集團,2026-07-15,新股,一般授權,AGENT_SOURCED,False,False,False,False,False,,NOT_TESTED,False,NOT_TESTED,NOT_TESTED,False,True,NOT_TESTED,0,1,0,0.4,-0.1148,0.2951,False
配股_00986.hk_03/09/26,00986,杜甫酒業集團,2026-09-03,新股,一般授權,AGENT_SOURCED,False,False,False,False,False,,NOT_TESTED,,NOT_TESTED,NOT_TESTED,False,,NOT_TESTED,0,1,0,0.26,,,
配股_00990.hk_18/12/25,00990,至源控股,2025-12-18,新股,一般授權,AGENT_SOURCED,False,False,False,False,False,,NOT_TESTED,False,NOT_TESTED,NOT_TESTED,False,False,NOT_TESTED,0,1,0,0.7,0.2,0.1,False
配股_00994.hk_27/05/26,00994,中天宏信,2026-05-27,新股,一般授權,AGENT_SOURCED,False,False,False,False,False,,NOT_TESTED,False,NOT_TESTED,NOT_TESTED,False,True,NOT_TESTED,0,1,0,0.36,-0.087,-0.2174,False
配股_01002.hk_30/12/25,01002,威鋮國際,2025-12-30,新股 - 代價發行,特別授權,NO_DEF,False,False,False,False,False,,NOT_TESTED,False,NOT_TESTED,NOT_TESTED,False,True,NOT_TESTED,0,1,0,5.355,0.1176,0.0588,False
配股_01003.hk_11/11/25,01003,歡喜傳媒,2025-11-11,新股,特別授權,AGENT_SOURCED,False,False,False,False,False,,NOT_TESTED,,NOT_TESTED,NOT_TESTED,False,,NOT_TESTED,0,1,0,0.3,,,
配股_01003.hk_19/05/26,01003,歡喜傳媒,2026-05-19,新股,一般授權,DIRECT_SUBSCRIPTION,False,False,False,False,False,,NOT_TESTED,,NOT_TESTED,NOT_TESTED,False,,NOT_TESTED,0,1,1,0.275,,,
供股_01010.hk_10/05/24,01010,天璽曜１１,2024-05-10,供股,,UNKNOWN,False,False,False,False,False,,NOT_TESTED,,NOT_TESTED,NOT_TESTED,False,,NOT_TESTED,0,1,0,,-0.1478,-0.1913,False
配股_01011.hk_17/06/26,01011,泰凌醫藥,2026-06-17,新股,特別授權,AGENT_SOURCED,False,False,False,False,False,,NOT_TESTED,False,NOT_TESTED,NOT_TESTED,False,True,NOT_TESTED,0,1,0,1.83,-0.1848,-0.2174,False
配股_01020.hk_21/08/26,01020,中細軟科技,2026-08-21,新股 - 代價發行,特別授權,NO_DEF,False,False,False,False,False,,NOT_TESTED,False,NOT_TESTED,NOT_TESTED,False,False,NOT_TESTED,0,1,0,0.2,0.1951,0.1951,False
配股_01020.hk_15/03/26,01020,中細軟科技,2026-03-15,新股,一般授權,AGENT_SOURCED,False,False,False,False,False,,NOT_TESTED,True,NOT_TESTED,NOT_TESTED,False,False,NOT_TESTED,0,1,0,0.26,-0.2703,-0.427,False
配股_01025.hk_22/06/26,01025,嘉藝控股,2026-06-22,新股,一般授權,AGENT_SOURCED,False,False,False,False,False,,NOT_TESTED,False,NOT_TESTED,NOT_TESTED,False,True,NOT_TESTED,0,1,0,0.2,-0.1504,-0.1504,False
供股_01025.hk_02/11/25,01025,嘉藝控股,2025-11-02,供股,,UNKNOWN,False,False,False,False,False,,NOT_TESTED,,NOT_TESTED,NOT_TESTED,False,True,NOT_TESTED,0,1,0,,0.1818,0.2727,False
供股_01025.hk_10/12/24,01025,嘉藝控股,2024-12-10,供股,,UNKNOWN,False,False,False,False,False,,NOT_TESTED,,NOT_TESTED,NOT_TESTED,False,,NOT_TESTED,0,1,0,,0.0213,0.0553,False
配股_01025.hk_01/09/26,01025,嘉藝控股,2026-09-01,新股,一般授權,DIRECT_SUBSCRIPTION,False,False,False,False,False,,NOT_TESTED,,NOT_TESTED,NOT_TESTED,False,,NOT_TESTED,0,1,1,0.2,,,
配股_01027.hk_03/03/26,01027,亞洲策略科技,2026-03-03,新股,一般授權,AGENT_SOURCED,False,False,False,False,False,,NOT_TESTED,False,NOT_TESTED,NOT_TESTED,False,True,NOT_TESTED,0,1,0,1.8,0.3955,0.6409,False
配股_01028.hk_30/10/25,01028,千百度,2025-10-30,新股,特別授權,AGENT_SOURCED,False,False,False,False,False,,NOT_TESTED,False,NOT_TESTED,NOT_TESTED,False,True,NOT_TESTED,0,1,0,0.205,0.7684,0.3263,False
供股_01029.hk_24/10/25,01029,鐵貨,2025-10-24,供股,,UNKNOWN,False,False,False,False,False,,NOT_TESTED,,NOT_TESTED,NOT_TESTED,False,True,NOT_TESTED,0,1,0,,-0.1803,-0.0984,False
供股_01029.hk_22/10/24,01029,鐵貨,2024-10-22,供股,,UNKNOWN,False,False,False,False,False,,NOT_TESTED,,NOT_TESTED,NOT_TESTED,False,,NOT_TESTED,0,1,0,,-0.1392,-0.1772,False
配股_01030.hk_05/02/26,01030,新城發展,2026-02-05,先舊後新,一般授權,AGENT_SOURCED,False,False,False,False,False,,NOT_TESTED,False,NOT_TESTED,NOT_TESTED,False,False,NOT_TESTED,0,1,0,2.39,-0.1557,-0.4303,False
配股_01050.hk_29/01/26,01050,嘉利國際,2026-01-29,先舊後新,一般授權,NO_DEF,False,False,False,False,False,,NOT_TESTED,,NOT_TESTED,NOT_TESTED,False,,NOT_TESTED,0,1,0,2.37,,,
供股_01069.hk_27/03/26,01069,中國健康科技集團,2026-03-27,配售,,AGENT_SOURCED,False,False,False,False,False,,NOT_TESTED,False,NOT_TESTED,NOT_TESTED,False,True,NOT_TESTED,0,1,0,0.25,0.1581,0.0478,False
供股_01073.hk_30/07/25,01073,大禹金融,2025-07-30,供股,,UNKNOWN,False,False,False,False,False,,NOT_TESTED,,NOT_TESTED,NOT_TESTED,False,True,NOT_TESTED,0,1,0,,-0.0902,-0.2857,False
配股_01079.hk_04/12/25,01079,松景科技,2025-12-04,新股,一般授權,AGENT_SOURCED,False,False,False,False,False,,NOT_TESTED,False,NOT_TESTED,NOT_TESTED,False,False,NOT_TESTED,0,1,0,0.3,-0.0152,-0.0303,False
供股_01079.hk_16/07/26,01079,松景科技,2026-07-16,供股,,UNKNOWN,False,False,False,False,False,,NOT_TESTED,,NOT_TESTED,NOT_TESTED,False,True,NOT_TESTED,0,1,0,,-0.1922,-0.1922,False
配股_01087.hk_13/05/26,01087,威訊控股,2026-05-13,新股,一般授權,AGENT_SOURCED,False,False,False,False,False,,NOT_TESTED,True,NOT_TESTED,NOT_TESTED,False,False,NOT_TESTED,0,1,0,0.67,0.3038,1.0759,False
配股_01091.hk_18/08/26,01091,南方錳業,2026-08-18,新股,一般授權,AGENT_SOURCED,False,False,False,False,False,,NOT_TESTED,True,NOT_TESTED,NOT_TESTED,False,False,NOT_TESTED,0,1,0,0.314,0.1818,0.1818,False
配股_01094.hk_23/07/26,01094,承輝國際,2026-07-23,新股,一般授權,AGENT_SOURCED,False,False,False,False,False,,NOT_TESTED,False,NOT_TESTED,NOT_TESTED,False,True,NOT_TESTED,0,1,0,0.209,0.6667,0.2745,False
供股_01104.hk_28/05/26,01104,亞太資源,2026-05-28,供股,,UNKNOWN,False,False,False,False,False,,NOT_TESTED,,NOT_TESTED,NOT_TESTED,False,,NOT_TESTED,0,1,0,,,,
配股_01119.hk_30/09/25,01119,創夢天地,2025-09-30,新股,一般授權,NO_DEF,False,False,False,False,False,,NOT_TESTED,,NOT_TESTED,NOT_TESTED,False,,NOT_TESTED,0,1,0,1.098,,,
供股_01129.hk_06/11/24,01129,中國水業集團,2024-11-06,供股,,UNKNOWN,False,False,False,False,False,,NOT_TESTED,,NOT_TESTED,NOT_TESTED,False,,NOT_TESTED,0,1,0,,-0.0538,0.4038,False
供股_01129.hk_04/10/24,01129,中國水業集團,2024-10-04,供股,,UNKNOWN,False,False,False,False,False,,NOT_TESTED,,NOT_TESTED,NOT_TESTED,False,,NOT_TESTED,0,1,0,,-0.0538,0.4038,False
配股_01130.hk_04/11/25,01130,中國環境資源,2025-11-04,新股,一般授權,AGENT_SOURCED,False,False,False,False,False,,NOT_TESTED,False,NOT_TESTED,NOT_TESTED,False,True,NOT_TESTED,0,1,0,0.468,0.3542,0.3542,False
配股_01140.hk_30/10/25,01140,華科智能投資,2025-10-30,新股,一般授權,AGENT_SOURCED,False,False,False,False,False,,NOT_TESTED,False,NOT_TESTED,NOT_TESTED,False,False,NOT_TESTED,0,1,0,0.23,-0.2769,-0.2256,False
供股_01140.hk_11/06/26,01140,華科智能投資,2026-06-11,供股,,UNKNOWN,False,False,False,False,False,,NOT_TESTED,,NOT_TESTED,NOT_TESTED,False,False,NOT_TESTED,0,1,0,,-0.2756,-0.2441,False
配股_01142.hk_28/11/25,01142,能源及能量環球,2025-11-28,新股,一般授權,NO_DEF,False,False,False,False,False,,NOT_TESTED,False,NOT_TESTED,NOT_TESTED,False,False,NOT_TESTED,0,1,0,0.34,-0.3719,-0.65,False
配股_01142.hk_28/06/26,01142,能源及能量環球,2026-06-28,新股,特別授權,DIRECT_SUBSCRIPTION,False,False,False,False,False,,NOT_TESTED,False,NOT_TESTED,NOT_TESTED,False,False,NOT_TESTED,0,1,1,0.11,0.1129,0.1129,False
供股_01143.hk_13/12/24,01143,中國儲能科技發展,2024-12-13,供股,,UNKNOWN,False,False,False,False,False,,NOT_TESTED,,NOT_TESTED,NOT_TESTED,False,,NOT_TESTED,0,1,0,,0.2414,0.4655,False
配股_01146.hk_26/05/26,01146,匯成國際控股,2026-05-26,新股,特別授權,DIRECT_SUBSCRIPTION,False,False,False,False,False,,NOT_TESTED,False,NOT_TESTED,NOT_TESTED,False,True,NOT_TESTED,0,1,1,0.1,0.2093,0.3023,False
配股_01152.hk_26/05/26,01152,正乾金融控股,2026-05-26,新股,一般授權,NO_DEF,False,False,False,False,False,,NOT_TESTED,True,NOT_TESTED,NOT_TESTED,False,False,NOT_TESTED,0,1,0,0.2,,,False
配股_01152.hk_27/04/26,01152,正乾金融控股,2026-04-27,新股 - 代價發行,一般授權,NO_DEF,False,False,False,False,False,,NOT_TESTED,False,NOT_TESTED,NOT_TESTED,False,True,NOT_TESTED,0,1,0,0.254,0.5779,-0.041,False
配股_01153.hk_15/04/26,01153,佳源服務,2026-04-15,新股,一般授權,AGENT_SOURCED,False,False,False,False,False,,NOT_TESTED,False,NOT_TESTED,NOT_TESTED,False,True,NOT_TESTED,0,1,0,0.25,0.1132,0.6604,False
配股_01156.hk_25/06/26,01156,CHINANEWENERGY,2026-06-25,新股,一般授權,AGENT_SOURCED,False,False,False,False,False,,NOT_TESTED,False,NOT_TESTED,NOT_TESTED,False,True,NOT_TESTED,0,1,0,0.173,0.439,0.439,False
配股_01159.hk_02/06/26,01159,智數科技集團,2026-06-02,新股,一般授權,NO_DEF,False,False,False,False,False,,NOT_TESTED,False,NOT_TESTED,NOT_TESTED,False,True,NOT_TESTED,0,1,0,1.8,0.345,0.41,False
配股_01160.hk_18/08/26,01160,金石資本集團,2026-08-18,新股,一般授權,AGENT_SOURCED,False,False,False,False,False,,NOT_TESTED,False,NOT_TESTED,NOT_TESTED,False,True,NOT_TESTED,0,1,0,0.48,-0.1042,-0.1042,False
配股_01166.hk_03/12/25,01166,星凱控股,2025-12-03,新股,一般授權,AGENT_SOURCED,False,False,False,False,False,,NOT_TESTED,False,NOT_TESTED,NOT_TESTED,False,True,NOT_TESTED,0,1,0,0.37,1.4706,0.6765,False
配股_01177.hk_13/01/26,01177,中國生物製藥,2026-01-13,新股 - 代價發行,一般授權,NO_DEF,False,False,False,False,False,,NOT_TESTED,False,NOT_TESTED,NOT_TESTED,False,False,NOT_TESTED,0,1,0,6.66,-0.1254,-0.2799,False
配股_01201.hk_17/04/26,01201,天臣控股,2026-04-17,新股,特別授權,AGENT_SOURCED,False,False,False,False,False,,NOT_TESTED,False,NOT_TESTED,NOT_TESTED,False,False,NOT_TESTED,0,1,0,1.5,0.0368,0.1053,False
配股_01201.hk_27/11/25,01201,天臣控股,2025-11-27,新股,特別授權,DIRECT_SUBSCRIPTION,False,False,False,False,False,,NOT_TESTED,False,NOT_TESTED,NOT_TESTED,False,True,NOT_TESTED,0,1,1,0.5,0.6923,1.8462,False
配股_01208.hk_16/06/26,01208,五礦資源,2026-06-16,新股,一般授權,AGENT_SOURCED,False,False,False,False,False,,NOT_TESTED,False,NOT_TESTED,NOT_TESTED,False,False,NOT_TESTED,0,1,0,8.86,-0.0618,-0.007,False
供股_01208.hk_04/06/24,01208,五礦資源,2024-06-04,供股,,NO_DEF,False,False,False,False,False,,NOT_TESTED,,NOT_TESTED,NOT_TESTED,False,,NOT_TESTED,0,1,0,,0.4852,1.2616,False
配股_01228.hk_16/02/26,01228,北海康成－Ｂ,2026-02-16,新股,一般授權,AGENT_SOURCED,False,False,False,False,False,,NOT_TESTED,,NOT_TESTED,NOT_TESTED,False,,NOT_TESTED,0,1,0,2.38,,,
配股_01239.hk_10/12/25,01239,TEAMWAY INTL GP,2025-12-10,新股,一般授權,DIRECT_SUBSCRIPTION,False,False,False,False,False,,NOT_TESTED,False,NOT_TESTED,NOT_TESTED,False,True,NOT_TESTED,0,1,1,0.341,0.9683,0.3651,False
配股_01262.hk_05/02/26,01262,蠟筆小新食品,2026-02-05,新股 - 代價發行,一般授權,NO_DEF,False,False,False,False,False,,NOT_TESTED,False,NOT_TESTED,NOT_TESTED,False,True,NOT_TESTED,0,1,0,3.98,-0.1558,-0.4784,False
配股_01277.hk_03/06/26,01277,力量發展,2026-06-03,新股,一般授權,NO_DEF,False,False,False,False,False,,NOT_TESTED,False,NOT_TESTED,NOT_TESTED,False,False,NOT_TESTED,0,1,0,2.12,-0.2547,-0.1934,False
配股_01280.hk_06/01/26,01280,奇點國峰,2026-01-06,新股,一般授權,NO_DEF,False,False,False,False,False,,NOT_TESTED,,NOT_TESTED,NOT_TESTED,False,,NOT_TESTED,0,1,0,2.84,,,
配股_01283.hk_30/09/25,01283,高陞集團控股,2025-09-30,新股 - 代價發行,一般授權,NO_DEF,False,False,False,False,False,,NOT_TESTED,,NOT_TESTED,NOT_TESTED,False,,NOT_TESTED,0,1,0,1.4,,,
配股_01286.hk_27/05/26,01286,鷹普精密,2026-05-27,先舊後新,一般授權,AGENT_SOURCED,False,False,False,False,False,,NOT_TESTED,False,NOT_TESTED,NOT_TESTED,False,False,NOT_TESTED,0,1,0,9.1,-0.1667,-0.1837,False
配股_01323.hk_11/06/26,01323,華盛國際控股,2026-06-11,新股,一般授權,AGENT_SOURCED,False,False,False,False,False,,NOT_TESTED,False,NOT_TESTED,NOT_TESTED,False,True,NOT_TESTED,0,1,0,0.127,0.6222,0.637,False
配股_01327.hk_04/06/26,01327,勵時集團,2026-06-04,新股,一般授權,AGENT_SOURCED,False,False,False,False,False,,NOT_TESTED,False,NOT_TESTED,NOT_TESTED,False,True,NOT_TESTED,0,1,0,0.5,2.38,2.32,False
供股_01327.hk_02/12/24,01327,勵時集團,2024-12-02,供股,,UNKNOWN,False,False,False,False,False,,NOT_TESTED,,NOT_TESTED,NOT_TESTED,False,,NOT_TESTED,0,1,0,,0.5938,2.8125,False
配股_01332.hk_25/08/26,01332,透雲生物,2026-08-25,新股,一般授權,DIRECT_SUBSCRIPTION,False,False,False,False,False,,NOT_TESTED,True,NOT_TESTED,NOT_TESTED,False,True,NOT_TESTED,0,1,1,0.122,0.0333,0.0333,False
配股_01333.hk_26/07/26,01333,博雷頓,2026-07-26,新股,一般授權,NO_DEF,False,False,False,False,False,,NOT_TESTED,False,NOT_TESTED,NOT_TESTED,False,False,NOT_TESTED,0,1,0,10.08,0.0362,0.031,False
配股_01333.hk_16/11/25,01333,博雷頓,2025-11-16,新股,一般授權,NO_DEF,False,False,False,False,False,,NOT_TESTED,False,NOT_TESTED,NOT_TESTED,False,False,NOT_TESTED,0,1,0,25.08,-0.0109,-0.3002,False
配股_01333.hk_13/09/26,01333,博雷頓,2026-09-13,新股,一般授權,NO_DEF,False,False,False,False,False,,NOT_TESTED,False,NOT_TESTED,NOT_TESTED,False,False,NOT_TESTED,0,1,0,10.28,0.0017,0.0017,False
配股_01340.hk_20/05/26,01340,惠生國際,2026-05-20,新股,一般授權,AGENT_SOURCED,False,False,False,False,False,,NOT_TESTED,False,NOT_TESTED,NOT_TESTED,False,True,NOT_TESTED,0,1,0,0.046,0.2982,0.2939,False
配股_01340.hk_15/09/26,01340,惠生國際,2026-09-15,新股,一般授權,DIRECT_SUBSCRIPTION,False,False,False,False,False,,NOT_TESTED,,NOT_TESTED,NOT_TESTED,False,,NOT_TESTED,0,2,2,0.48,,,
配股_01341.hk_01/12/25,01341,昊天國際建投,2025-12-01,新股,一般授權,NO_DEF,False,False,False,False,False,,NOT_TESTED,False,NOT_TESTED,NOT_TESTED,False,False,NOT_TESTED,0,1,0,0.118,0.094,-0.7607,False
供股_01355.hk_24/06/26,01355,生物系統工程,2026-06-24,供股,,UNKNOWN,False,False,False,False,False,,NOT_TESTED,,NOT_TESTED,NOT_TESTED,False,True,NOT_TESTED,0,1,0,,0.5517,0.5517,False
供股_01355.hk_21/11/24,01355,生物系統工程,2024-11-21,供股,,UNKNOWN,False,False,False,False,False,,NOT_TESTED,,NOT_TESTED,NOT_TESTED,False,,NOT_TESTED,0,1,0,,0.2078,0.4545,False
配股_01361.hk_28/04/26,01361,３６１度,2026-04-28,先舊後新,一般授權,NO_DEF,False,False,False,False,False,,NOT_TESTED,False,NOT_TESTED,NOT_TESTED,False,False,NOT_TESTED,0,1,0,6.18,-0.109,-0.1507,False
配股_01372.hk_13/05/26,01372,中國碳中和,2026-05-13,新股,一般授權,NO_DEF,False,False,False,False,False,,NOT_TESTED,,NOT_TESTED,NOT_TESTED,False,,NOT_TESTED,0,1,0,0.8,,,
配股_01372.hk_06/03/26,01372,中國碳中和,2026-03-06,新股,一般授權,NO_DEF,False,False,False,False,False,,NOT_TESTED,,NOT_TESTED,NOT_TESTED,False,,NOT_TESTED,0,1,0,1.0,,,
配股_01372.hk_08/01/26,01372,中國碳中和,2026-01-08,新股,一般授權,NO_DEF,False,False,False,False,False,,NOT_TESTED,,NOT_TESTED,NOT_TESTED,False,,NOT_TESTED,0,1,0,1.5,,,
配股_01378.hk_18/11/25,01378,中國宏橋,2025-11-18,先舊後新,一般授權,NO_DEF,False,False,False,False,False,,NOT_TESTED,False,NOT_TESTED,NOT_TESTED,False,False,NOT_TESTED,0,1,0,29.2,0.1259,0.2073,False
供股_01380.hk_27/12/24,01380,中國金石,2024-12-27,供股,,UNKNOWN,False,False,False,False,False,,NOT_TESTED,,NOT_TESTED,NOT_TESTED,False,,NOT_TESTED,0,1,0,,0.5763,0.6102,False
供股_01380.hk_20/12/24,01380,中國金石,2024-12-20,供股,,UNKNOWN,False,False,False,False,False,,NOT_TESTED,,NOT_TESTED,NOT_TESTED,False,,NOT_TESTED,0,1,0,,0.5763,0.6102,False
配股_01380.hk_24/04/26,01380,中國金石,2026-04-24,新股,一般授權,DIRECT_SUBSCRIPTION,False,False,False,False,False,,NOT_TESTED,False,NOT_TESTED,NOT_TESTED,False,False,NOT_TESTED,0,1,1,0.57,0.0,-0.193,False
配股_01384.hk_13/08/26,01384,滴普科技,2026-08-13,新股,一般授權,NO_DEF,False,False,False,False,False,,NOT_TESTED,False,NOT_TESTED,NOT_TESTED,False,False,NOT_TESTED,0,1,0,35.0,-0.1724,-0.1724,False
配股_01384.hk_21/05/26,01384,滴普科技,2026-05-21,新股,一般授權,NO_DEF,False,False,False,False,False,,NOT_TESTED,True,NOT_TESTED,NOT_TESTED,False,False,NOT_TESTED,0,1,0,50.58,-0.3021,-0.418,False
配股_01396.hk_29/06/26,01396,粵港灣智算,2026-06-29,新股,一般授權,NO_DEF,False,False,False,False,False,,NOT_TESTED,False,NOT_TESTED,NOT_TESTED,False,False,NOT_TESTED,0,1,0,11.75,-0.2701,-0.2701,False
配股_01396.hk_04/12/25,01396,粵港灣智算,2025-12-04,新股,一般授權,NO_DEF,False,False,False,False,False,,NOT_TESTED,False,NOT_TESTED,NOT_TESTED,False,False,NOT_TESTED,0,1,0,5.5,0.0175,0.593,False
供股_01396.hk_02/09/24,01396,粵港灣智算,2024-09-02,供股,,UNKNOWN,False,False,False,False,False,,NOT_TESTED,,NOT_TESTED,NOT_TESTED,False,,NOT_TESTED,0,1,0,,1.3333,2.3869,False
配股_01396.hk_03/02/26,01396,粵港灣智算,2026-02-03,新股,一般授權,DIRECT_SUBSCRIPTION,False,False,False,False,False,,NOT_TESTED,False,NOT_TESTED,NOT_TESTED,False,False,NOT_TESTED,0,2,2,6.0,-0.0809,1.0076,False
供股_01401.hk_23/07/25,01401,未來機器有限公司,2025-07-23,供股,,UNKNOWN,False,False,False,False,False,,NOT_TESTED,,NOT_TESTED,NOT_TESTED,False,False,NOT_TESTED,0,1,0,,0.0821,-0.2177,False
配股_01413.hk_10/11/25,01413,鑄帝控股,2025-11-10,新股,一般授權,AGENT_SOURCED,False,False,False,False,False,,NOT_TESTED,False,NOT_TESTED,NOT_TESTED,False,False,NOT_TESTED,0,1,0,0.09,-0.2489,-0.3667,False
供股_01413.hk_14/04/26,01413,鑄帝控股,2026-04-14,供股,,UNKNOWN,False,False,False,False,False,,NOT_TESTED,,NOT_TESTED,NOT_TESTED,False,True,NOT_TESTED,0,1,0,,-0.262,-0.3875,False
配股_01416.hk_21/07/26,01416,CTR HOLDINGS,2026-07-21,新股 - 代價發行,一般授權,NO_DEF,False,False,False,False,False,,NOT_TESTED,False,NOT_TESTED,NOT_TESTED,False,True,NOT_TESTED,0,1,0,0.22,0.0333,0.0056,False
配股_01421.hk_06/01/26,01421,恒昌集團國際,2026-01-06,新股,一般授權,AGENT_SOURCED,False,False,False,False,False,,NOT_TESTED,False,NOT_TESTED,NOT_TESTED,False,True,NOT_TESTED,0,1,0,0.34,-0.0476,0.0,False
供股_01421.hk_22/03/24,01421,恒昌集團國際,2024-03-22,供股,,UNKNOWN,False,False,False,False,False,,NOT_TESTED,,NOT_TESTED,NOT_TESTED,False,,NOT_TESTED,0,1,0,,0.4667,0.3,True
配股_01429.hk_14/08/26,01429,天任集團,2026-08-14,新股,一般授權,AGENT_SOURCED,False,False,False,False,False,,NOT_TESTED,False,NOT_TESTED,NOT_TESTED,False,True,NOT_TESTED,0,1,0,0.101,0.7083,0.7083,False
配股_01449.hk_24/07/26,01449,立德教育,2026-07-24,新股,一般授權,NO_DEF,False,False,False,False,False,,NOT_TESTED,False,NOT_TESTED,NOT_TESTED,False,True,NOT_TESTED,0,1,0,0.265,2.7424,3.2424,False
配股_01452.hk_10/07/26,01452,迪諾斯環保,2026-07-10,新股,特別授權,DIRECT_SUBSCRIPTION,False,False,False,False,False,,NOT_TESTED,False,NOT_TESTED,NOT_TESTED,False,True,NOT_TESTED,0,1,1,0.1368,-0.0122,0.2683,False
配股_01466.hk_29/09/25,01466,佰金生命科學,2025-09-29,新股,一般授權,AGENT_SOURCED,False,False,False,False,False,,NOT_TESTED,False,NOT_TESTED,NOT_TESTED,False,True,NOT_TESTED,0,1,0,0.48,0.0179,-0.0357,False
配股_01468.hk_09/03/26,01468,嘉高達資本,2026-03-09,新股,一般授權,AGENT_SOURCED,False,False,False,False,False,,NOT_TESTED,False,NOT_TESTED,NOT_TESTED,False,True,NOT_TESTED,0,1,0,0.1,-0.2697,-0.5416,False
供股_01468.hk_18/10/24,01468,嘉高達資本,2024-10-18,供股,,UNKNOWN,False,False,False,False,False,,NOT_TESTED,,NOT_TESTED,NOT_TESTED,False,,NOT_TESTED,0,1,0,,0.1233,0.022,False
配股_01483.hk_30/01/26,01483,網譽科技,2026-01-30,新股,一般授權,AGENT_SOURCED,False,False,False,False,False,,NOT_TESTED,False,NOT_TESTED,NOT_TESTED,False,True,NOT_TESTED,0,1,0,0.88,0.0741,0.0556,False
供股_01486.hk_29/04/25,01486,思城控股,2025-04-29,供股,,UNKNOWN,False,False,False,False,False,,NOT_TESTED,,NOT_TESTED,NOT_TESTED,False,,NOT_TESTED,0,1,0,,0.0043,0.3478,False
配股_01501.hk_14/01/26,01501,瑛泰醫療,2026-01-14,新股,一般授權,AGENT_SOURCED,False,False,False,False,False,,NOT_TESTED,,NOT_TESTED,NOT_TESTED,False,,NOT_TESTED,0,1,0,26.0,,,
配股_01519.hk_15/01/26,01519,極兔速遞－Ｗ,2026-01-15,新股 - 代價發行,一般授權,NO_DEF,False,False,False,False,False,,NOT_TESTED,False,NOT_TESTED,NOT_TESTED,False,False,NOT_TESTED,0,1,0,10.1,-0.1758,-0.2291,False
配股_01520.hk_21/01/26,01520,天機控股,2026-01-21,新股,特別授權,AGENT_SOURCED,False,False,False,False,False,,NOT_TESTED,False,NOT_TESTED,NOT_TESTED,False,False,NOT_TESTED,0,1,0,0.92,-0.1954,-0.2874,False
供股_01529.hk_14/02/25,01529,樂氏國際控股,2025-02-14,供股,,UNKNOWN,False,False,False,False,False,,NOT_TESTED,,NOT_TESTED,NOT_TESTED,False,,NOT_TESTED,0,1,0,,0.0519,0.2468,False
配股_01530.hk_02/12/25,01530,三生製藥,2025-12-02,新股,一般授權,AGENT_SOURCED,False,False,False,False,False,,NOT_TESTED,False,NOT_TESTED,NOT_TESTED,False,False,NOT_TESTED,0,1,0,29.62,-0.1248,-0.1822,False
供股_01536.hk_24/07/26,01536,煜榮集團,2026-07-24,供股,,NO_DEF,False,False,False,False,False,,NOT_TESTED,,NOT_TESTED,NOT_TESTED,False,True,NOT_TESTED,0,1,0,,0.0365,0.0365,False
配股_01539.hk_06/08/26,01539,知行集團控股,2026-08-06,新股,特別授權,NO_DEF,False,False,False,False,False,,NOT_TESTED,False,NOT_TESTED,NOT_TESTED,False,True,NOT_TESTED,0,1,0,0.4,-0.1194,-0.1194,False
配股_01541.hk_09/10/25,01541,宜明昂科－Ｂ,2025-10-09,新股,一般授權,AGENT_SOURCED,False,False,False,False,False,,NOT_TESTED,,NOT_TESTED,NOT_TESTED,False,,NOT_TESTED,0,1,0,14.5,,,
配股_01548.hk_11/09/26,01548,金斯瑞生物科技,2026-09-11,新股,一般授權,NO_DEF,False,False,False,False,False,,NOT_TESTED,,NOT_TESTED,NOT_TESTED,False,,NOT_TESTED,0,1,0,30.5,,,
供股_01559.hk_26/01/26,01559,均安控股,2026-01-26,供股,,UNKNOWN,False,False,False,False,False,,NOT_TESTED,,NOT_TESTED,NOT_TESTED,False,True,NOT_TESTED,0,1,0,,-0.0375,-0.3875,False
配股_01568.hk_05/05/26,01568,承達集團,2026-05-05,新股,一般授權,AGENT_SOURCED,False,False,False,False,False,,NOT_TESTED,,NOT_TESTED,NOT_TESTED,False,,NOT_TESTED,0,1,0,0.66,,,
配股_01575.hk_05/02/26,01575,皇庭智家,2026-02-05,新股,一般授權,AGENT_SOURCED,False,False,False,False,False,,NOT_TESTED,False,NOT_TESTED,NOT_TESTED,False,True,NOT_TESTED,0,1,0,0.05,0.18,-0.22,False
配股_01580.hk_18/09/26,01580,大森控股,2026-09-18,新股,一般授權,NO_DEF,False,False,False,False,False,,NOT_TESTED,,NOT_TESTED,NOT_TESTED,False,,NOT_TESTED,0,1,0,0.241,,,
供股_01591.hk_12/12/25,01591,汛和集團,2025-12-12,供股,,UNKNOWN,False,False,False,False,False,,NOT_TESTED,,NOT_TESTED,NOT_TESTED,False,True,NOT_TESTED,0,1,0,,-0.0338,-0.1149,False
供股_01592.hk_14/01/26,01592,基石控股,2026-01-14,供股,,UNKNOWN,False,False,False,False,False,,NOT_TESTED,,NOT_TESTED,NOT_TESTED,False,True,NOT_TESTED,0,1,0,,0.0175,1.807,False
配股_01613.hk_05/03/26,01613,協同通信,2026-03-05,新股,特別授權,AGENT_SOURCED,False,False,False,False,False,,NOT_TESTED,False,NOT_TESTED,NOT_TESTED,False,True,NOT_TESTED,0,1,0,0.108,0.2222,2.7037,False
供股_01613.hk_15/10/25,01613,協同通信,2025-10-15,供股,,UNKNOWN,False,False,False,False,False,,NOT_TESTED,,NOT_TESTED,NOT_TESTED,False,True,NOT_TESTED,0,1,0,,0.025,-0.125,False
配股_01626.hk_12/08/26,01626,嘉耀控股,2026-08-12,新股 - 代價發行,一般授權,NO_DEF,False,False,False,False,False,,NOT_TESTED,True,NOT_TESTED,NOT_TESTED,False,False,NOT_TESTED,0,1,0,21.0,-0.0031,-0.0031,False
供股_01628.hk_01/11/24,01628,禹洲集團,2024-11-01,供股,特別授權,AGENT_SOURCED,False,False,False,False,False,,NOT_TESTED,,NOT_TESTED,NOT_TESTED,False,,NOT_TESTED,0,1,0,,0.0618,-0.4208,False
配股_01631.hk_12/05/26,01631,REF HOLDINGS,2026-05-12,新股,一般授權,AGENT_SOURCED,False,False,False,False,False,,NOT_TESTED,True,NOT_TESTED,NOT_TESTED,False,True,NOT_TESTED,0,1,0,0.457,1.0877,1.3684,False
配股_01655.hk_23/01/26,01655,OKURA HOLDINGS,2026-01-23,新股,一般授權,AGENT_SOURCED,False,False,False,False,False,,NOT_TESTED,False,NOT_TESTED,NOT_TESTED,False,True,NOT_TESTED,0,1,0,0.143,0.4647,0.2059,False
配股_01655.hk_07/11/25,01655,OKURA HOLDINGS,2025-11-07,新股,一般授權,AGENT_SOURCED,False,False,False,False,False,,NOT_TESTED,False,NOT_TESTED,NOT_TESTED,False,True,NOT_TESTED,0,1,0,0.18,0.2994,0.3057,False
配股_01672.hk_03/02/26,01672,歌禮製藥－Ｂ,2026-02-03,新股,一般授權,AGENT_SOURCED,False,False,False,False,False,,NOT_TESTED,False,NOT_TESTED,NOT_TESTED,False,False,NOT_TESTED,0,1,0,12.18,0.0826,-0.263,False
配股_01676.hk_11/03/26,01676,高地股份,2026-03-11,新股,一般授權,AGENT_SOURCED,False,False,False,False,False,,NOT_TESTED,,NOT_TESTED,NOT_TESTED,False,,NOT_TESTED,0,1,0,0.23,,,
配股_01676.hk_09/12/25,01676,高地股份,2025-12-09,新股,一般授權,AGENT_SOURCED,False,False,False,False,False,,NOT_TESTED,,NOT_TESTED,NOT_TESTED,False,,NOT_TESTED,0,1,0,0.52,,,
供股_01676.hk_05/06/26,01676,高地股份,2026-06-05,供股,,NO_DEF,False,False,False,False,False,,NOT_TESTED,,NOT_TESTED,NOT_TESTED,False,,NOT_TESTED,0,1,0,,,,
供股_01676.hk_18/10/24,01676,高地股份,2024-10-18,供股,,UNKNOWN,False,False,False,False,False,,NOT_TESTED,,NOT_TESTED,NOT_TESTED,False,,NOT_TESTED,0,1,0,,,,
供股_01679.hk_17/06/25,01679,瑞斯康集團,2025-06-17,供股,,UNKNOWN,False,False,False,False,False,,NOT_TESTED,,NOT_TESTED,NOT_TESTED,False,True,NOT_TESTED,0,1,0,,0.187,0.0687,False
配股_01679.hk_27/05/26,01679,瑞斯康集團,2026-05-27,新股,特別授權,DIRECT_SUBSCRIPTION,False,False,False,False,False,,NOT_TESTED,False,NOT_TESTED,NOT_TESTED,False,True,NOT_TESTED,0,1,1,0.46,2.2885,1.4808,False
供股_01680.hk_03/10/25,01680,澳門勵駿,2025-10-03,供股,,UNKNOWN,False,False,False,False,False,,NOT_TESTED,,NOT_TESTED,NOT_TESTED,False,True,NOT_TESTED,0,1,0,,-0.3469,-0.4325,False
供股_01682.hk_09/03/26,01682,杭品生活科技,2026-03-09,供股,,UNKNOWN,False,False,False,False,False,,NOT_TESTED,,NOT_TESTED,NOT_TESTED,False,True,NOT_TESTED,0,1,0,,0.1961,0.7059,False
配股_01693.hk_12/01/26,01693,璋利國際,2026-01-12,新股,一般授權,AGENT_SOURCED,False,False,False,False,False,,NOT_TESTED,False,NOT_TESTED,NOT_TESTED,False,True,NOT_TESTED,0,1,0,2.2,1.1778,2.6044,False
配股_01693.hk_06/01/26,01693,璋利國際,2026-01-06,新股,特別授權,AGENT_SOURCED,False,False,False,False,False,,NOT_TESTED,False,NOT_TESTED,NOT_TESTED,False,True,NOT_TESTED,0,1,0,2.35,1.5317,2.8098,False
配股_01693.hk_31/12/25,01693,璋利國際,2025-12-31,新股,特別授權,NO_DEF,False,False,False,False,False,,NOT_TESTED,False,NOT_TESTED,NOT_TESTED,False,True,NOT_TESTED,0,1,0,2.32,1.0553,2.2553,False
配股_01703.hk_15/03/26,01703,誼和股份,2026-03-15,新股,一般授權,UNKNOWN,False,False,False,False,False,,NOT_TESTED,False,NOT_TESTED,NOT_TESTED,False,True,NOT_TESTED,0,1,0,0.073,-0.4862,-0.1009,False
供股_01703.hk_29/07/26,01703,誼和股份,2026-07-29,供股,,UNKNOWN,False,False,False,False,False,,NOT_TESTED,,NOT_TESTED,NOT_TESTED,False,True,NOT_TESTED,0,1,0,,1.1429,1.1429,False
配股_01709.hk_07/12/25,01709,德林控股,2025-12-07,新股 - 代價發行,一般授權,NO_DEF,False,False,False,False,False,,NOT_TESTED,,NOT_TESTED,NOT_TESTED,False,,NOT_TESTED,0,1,0,3.05,,,
配股_01709.hk_21/10/25,01709,德林控股,2025-10-21,新股,一般授權,DIRECT_SUBSCRIPTION,False,False,False,False,False,,NOT_TESTED,,NOT_TESTED,NOT_TESTED,False,,NOT_TESTED,0,1,1,3.05,,,
供股_01715.hk_07/03/25,01715,智慧健康科技,2025-03-07,供股,,UNKNOWN,False,False,False,False,False,,NOT_TESTED,,NOT_TESTED,NOT_TESTED,False,,NOT_TESTED,0,1,0,,0.3308,0.1977,False
配股_01716.hk_07/07/26,01716,毛記葵涌,2026-07-07,新股,一般授權,AGENT_SOURCED,False,False,False,False,False,,NOT_TESTED,True,NOT_TESTED,NOT_TESTED,False,False,NOT_TESTED,0,1,0,4.28,-0.2779,-0.3726,False
配股_01718.hk_03/02/26,01718,宏基集團控股,2026-02-03,新股,一般授權,AGENT_SOURCED,False,False,False,False,False,,NOT_TESTED,False,NOT_TESTED,NOT_TESTED,False,True,NOT_TESTED,0,1,0,0.25,0.4737,0.2456,False
供股_01718.hk_17/01/25,01718,宏基集團控股,2025-01-17,供股,,UNKNOWN,False,False,False,False,False,,NOT_TESTED,,NOT_TESTED,NOT_TESTED,False,,NOT_TESTED,0,1,0,,-0.0392,0.1373,False
配股_01725.hk_18/08/26,01725,中國技術集團,2026-08-18,新股,一般授權,AGENT_SOURCED,False,False,False,False,False,,NOT_TESTED,False,NOT_TESTED,NOT_TESTED,False,False,NOT_TESTED,0,1,0,0.3,-0.197,-0.197,False
配股_01725.hk_05/12/25,01725,中國技術集團,2025-12-05,新股,特別授權,DIRECT_SUBSCRIPTION,False,False,False,False,False,,NOT_TESTED,False,NOT_TESTED,NOT_TESTED,False,False,NOT_TESTED,0,1,1,0.56,0.2857,-0.0714,False
配股_01726.hk_04/02/26,01726,HKE HOLDINGS,2026-02-04,新股,一般授權,AGENT_SOURCED,False,False,False,False,False,,NOT_TESTED,,NOT_TESTED,NOT_TESTED,False,,NOT_TESTED,0,1,0,1.2,,,
配股_01728.hk_30/06/26,01728,正通汽車,2026-06-30,新股,特別授權,AGENT_SOURCED,False,False,False,False,False,,NOT_TESTED,,NOT_TESTED,NOT_TESTED,False,,NOT_TESTED,0,1,0,0.15,,,
配股_01729.hk_12/05/26,01729,匯聚科技,2026-05-12,新股,一般授權,AGENT_SOURCED,False,False,False,False,False,,NOT_TESTED,False,NOT_TESTED,NOT_TESTED,False,False,NOT_TESTED,0,1,0,21.0,-0.1018,-0.3238,False
配股_01729.hk_10/02/26,01729,匯聚科技,2026-02-10,新股,一般授權,AGENT_SOURCED,False,False,False,False,False,,NOT_TESTED,False,NOT_TESTED,NOT_TESTED,False,False,NOT_TESTED,0,1,0,15.22,-0.1041,-0.0619,False
配股_01736.hk_17/06/26,01736,中國育兒網絡,2026-06-17,新股,一般授權,AGENT_SOURCED,False,False,False,False,False,,NOT_TESTED,True,NOT_TESTED,NOT_TESTED,False,True,NOT_TESTED,0,1,0,0.325,0.037,0.0247,False
配股_01736.hk_29/12/25,01736,中國育兒網絡,2025-12-29,新股,一般授權,AGENT_SOURCED,False,False,False,False,False,,NOT_TESTED,True,NOT_TESTED,NOT_TESTED,False,True,NOT_TESTED,0,1,0,0.432,0.2,-0.06,False
供股_01745.hk_02/06/25,01745,驢跡科技,2025-06-02,供股,,UNKNOWN,False,False,False,False,False,,NOT_TESTED,,NOT_TESTED,NOT_TESTED,False,False,NOT_TESTED,0,1,0,,-0.2056,-0.2648,False
配股_01745.hk_16/09/26,01745,驢跡科技,2026-09-16,新股,一般授權,AGENT_SOURCED,False,False,False,False,False,,NOT_TESTED,,NOT_TESTED,NOT_TESTED,False,,NOT_TESTED,0,1,0,4.0,,,
配股_01747.hk_18/11/25,01747,HOME CONTROL,2025-11-18,新股,一般授權,AGENT_SOURCED,False,False,False,False,False,,NOT_TESTED,,NOT_TESTED,NOT_TESTED,False,,NOT_TESTED,0,1,0,3.8,,,
配股_01751.hk_12/12/25,01751,智算能建,2025-12-12,新股,一般授權,AGENT_SOURCED,False,False,False,False,False,,NOT_TESTED,False,NOT_TESTED,NOT_TESTED,False,True,NOT_TESTED,0,1,0,1.481,0.0292,-0.1307,False
供股_01751.hk_17/08/26,01751,智算能建,2026-08-17,供股,,UNKNOWN,False,False,False,False,False,,NOT_TESTED,,NOT_TESTED,NOT_TESTED,False,,NOT_TESTED,0,1,0,,,,
供股_01751.hk_06/03/26,01751,智算能建,2026-03-06,供股,,UNKNOWN,False,False,False,False,False,,NOT_TESTED,,NOT_TESTED,NOT_TESTED,False,False,NOT_TESTED,0,1,0,,-0.0759,-0.538,False
配股_01762.hk_12/03/26,01762,萬咖壹聯,2026-03-12,新股,一般授權,NO_DEF,False,False,False,False,False,,NOT_TESTED,,NOT_TESTED,NOT_TESTED,False,,NOT_TESTED,0,1,0,1.624,,,
供股_01765.hk_30/07/25,01765,希教國際控股,2025-07-30,供股,,UNKNOWN,False,False,False,False,False,,NOT_TESTED,,NOT_TESTED,NOT_TESTED,False,,NOT_TESTED,0,1,0,,,,
供股_01765.hk_10/07/25,01765,希教國際控股,2025-07-10,供股,,UNKNOWN,False,False,False,False,False,,NOT_TESTED,,NOT_TESTED,NOT_TESTED,False,,NOT_TESTED,0,1,0,,,,
配股_01769.hk_15/10/25,01769,思考樂教育,2025-10-15,新股,一般授權,AGENT_SOURCED,False,False,False,False,False,,NOT_TESTED,False,NOT_TESTED,NOT_TESTED,False,False,NOT_TESTED,0,1,0,2.2,-0.0158,-0.2134,False
配股_01776.hk_07/01/26,01776,廣發証券,2026-01-07,新股,一般授權,AGENT_SOURCED,False,False,False,False,False,,NOT_TESTED,False,NOT_TESTED,NOT_TESTED,False,False,NOT_TESTED,0,1,0,19.82,-0.0586,-0.1509,False
供股_01778.hk_27/01/25,01778,彩生活,2025-01-27,供股,,UNKNOWN,False,False,False,False,False,,NOT_TESTED,,NOT_TESTED,NOT_TESTED,False,,NOT_TESTED,0,1,0,,0.0119,0.3274,False
配股_01782.hk_20/11/25,01782,國際商業數字技術,2025-11-20,新股,一般授權,AGENT_SOURCED,False,False,False,False,False,,NOT_TESTED,,NOT_TESTED,NOT_TESTED,False,,NOT_TESTED,0,1,0,3.6,,,
配股_01783.hk_11/08/26,01783,晉景新能,2026-08-11,先舊後新,一般授權,AGENT_SOURCED,False,False,False,False,False,,NOT_TESTED,False,NOT_TESTED,NOT_TESTED,False,False,NOT_TESTED,0,1,0,4.66,-0.1225,-0.1225,False
配股_01783.hk_29/06/26,01783,晉景新能,2026-06-29,新股,一般授權,NO_DEF,False,False,False,False,False,,NOT_TESTED,False,NOT_TESTED,NOT_TESTED,False,False,NOT_TESTED,0,1,0,6.05,-0.2041,-0.3017,False
配股_01783.hk_17/10/25,01783,晉景新能,2025-10-17,新股,一般授權,AGENT_SOURCED,False,False,False,False,False,,NOT_TESTED,False,NOT_TESTED,NOT_TESTED,False,False,NOT_TESTED,0,1,0,3.06,0.0261,0.0327,False
配股_01792.hk_19/01/26,01792,CMON,2026-01-19,新股,一般授權,AGENT_SOURCED,False,False,False,False,False,,NOT_TESTED,False,NOT_TESTED,NOT_TESTED,False,True,NOT_TESTED,0,1,0,0.8,0.1203,0.0613,False
配股_01792.hk_18/10/25,01792,CMON,2025-10-18,新股,一般授權,AGENT_SOURCED,False,False,False,False,False,,NOT_TESTED,False,NOT_TESTED,NOT_TESTED,False,True,NOT_TESTED,0,1,0,0.018,-0.029,0.0134,False
供股_01792.hk_18/06/26,01792,CMON,2026-06-18,供股,,UNKNOWN,False,False,False,False,False,,NOT_TESTED,,NOT_TESTED,NOT_TESTED,False,True,NOT_TESTED,0,1,0,,0.0082,-0.0035,False
配股_01796.hk_13/02/26,01796,中國數智科技,2026-02-13,新股,一般授權,AGENT_SOURCED,False,False,False,False,False,,NOT_TESTED,False,NOT_TESTED,NOT_TESTED,False,False,NOT_TESTED,0,1,0,3.0,-0.4838,-0.8831,True
配股_01801.hk_22/10/25,01801,信達生物,2025-10-22,新股,一般授權,AGENT_SOURCED,False,False,False,False,False,,NOT_TESTED,False,NOT_TESTED,NOT_TESTED,False,False,NOT_TESTED,0,1,0,112.56,0.098,-0.0223,False
配股_01803.hk_12/05/26,01803,北京體育文化,2026-05-12,新股,一般授權,DIRECT_SUBSCRIPTION,False,False,False,False,False,,NOT_TESTED,True,NOT_TESTED,NOT_TESTED,False,True,NOT_TESTED,0,1,1,0.073,-0.1981,-0.2925,False
配股_01808.hk_15/05/26,01808,企展控股,2026-05-15,新股,一般授權,AGENT_SOURCED,False,False,False,False,False,,NOT_TESTED,True,NOT_TESTED,NOT_TESTED,False,True,NOT_TESTED,0,1,0,1.08,0.7388,0.8694,False
配股_01815.hk_19/11/25,01815,珠峰黃金,2025-11-19,新股,一般授權,DIRECT_SUBSCRIPTION,False,False,False,False,False,,NOT_TESTED,,NOT_TESTED,NOT_TESTED,False,,NOT_TESTED,0,1,1,1.61,,,
配股_01822.hk_21/10/25,01822,中木國際,2025-10-21,新股,一般授權,NO_DEF,False,False,False,False,False,,NOT_TESTED,False,NOT_TESTED,NOT_TESTED,False,True,NOT_TESTED,0,1,0,0.1,0.4685,0.3874,False
供股_01822.hk_18/06/26,01822,中木國際,2026-06-18,供股,,UNKNOWN,False,False,False,False,False,,NOT_TESTED,,NOT_TESTED,NOT_TESTED,False,True,NOT_TESTED,0,1,0,,0.2044,0.2044,False
供股_01822.hk_19/11/24,01822,中木國際,2024-11-19,供股,,UNKNOWN,False,False,False,False,False,,NOT_TESTED,,NOT_TESTED,NOT_TESTED,False,,NOT_TESTED,0,1,0,,0.0,0.4453,False
配股_01823.hk_11/02/26,01823,華昱高速,2026-02-11,新股,一般授權,AGENT_SOURCED,False,False,False,False,False,,NOT_TESTED,True,NOT_TESTED,NOT_TESTED,False,True,NOT_TESTED,0,1,0,0.88,0.5413,0.2936,False
配股_01825.hk_29/12/25,01825,STERLING GP,2025-12-29,新股,一般授權,AGENT_SOURCED,False,False,False,False,False,,NOT_TESTED,False,NOT_TESTED,NOT_TESTED,False,True,NOT_TESTED,0,1,0,0.1,-0.0323,-0.2473,False
配股_01825.hk_04/09/26,01825,STERLING GP,2026-09-04,新股,一般授權,AGENT_SOURCED,False,False,False,False,False,,NOT_TESTED,,NOT_TESTED,NOT_TESTED,False,,NOT_TESTED,0,1,0,6.8,,,
配股_01826.hk_12/01/26,01826,豐展控股,2026-01-12,新股,一般授權,AGENT_SOURCED,False,False,False,False,False,,NOT_TESTED,False,NOT_TESTED,NOT_TESTED,False,True,NOT_TESTED,0,1,0,0.152,-0.0813,-0.4188,False
供股_01826.hk_29/05/26,01826,豐展控股,2026-05-29,供股,,UNKNOWN,False,False,False,False,False,,NOT_TESTED,,NOT_TESTED,NOT_TESTED,False,True,NOT_TESTED,0,1,0,,0.0342,0.2222,False
配股_01835.hk_30/06/26,01835,瑞威資管,2026-06-30,新股,特別授權,UNKNOWN,False,False,False,False,False,,NOT_TESTED,,NOT_TESTED,NOT_TESTED,False,True,NOT_TESTED,0,1,0,,,,False
配股_01842.hk_30/06/26,01842,植華集團,2026-06-30,新股,一般授權,DIRECT_SUBSCRIPTION,False,False,False,False,False,,NOT_TESTED,False,NOT_TESTED,NOT_TESTED,False,True,NOT_TESTED,0,1,1,0.033,-0.0256,-0.0256,False
供股_01850.hk_19/12/24,01850,美好生活集團控股,2024-12-19,供股,,UNKNOWN,False,False,False,False,False,,NOT_TESTED,,NOT_TESTED,NOT_TESTED,False,,NOT_TESTED,0,1,0,,-0.0049,0.1438,False
配股_01865.hk_10/08/26,01865,鵬高控股集團,2026-08-10,新股,一般授權,AGENT_SOURCED,False,False,False,False,False,,NOT_TESTED,False,NOT_TESTED,NOT_TESTED,False,False,NOT_TESTED,0,1,0,0.34,0.037,0.037,False
供股_01865.hk_19/07/24,01865,鵬高控股集團,2024-07-19,供股,,UNKNOWN,False,False,False,False,False,,NOT_TESTED,,NOT_TESTED,NOT_TESTED,False,,NOT_TESTED,0,1,0,,-0.0339,-0.1525,False
配股_01869.hk_12/08/26,01869,貓屎咖啡控股,2026-08-12,新股,一般授權,AGENT_SOURCED,False,False,False,False,False,,NOT_TESTED,False,NOT_TESTED,NOT_TESTED,False,True,NOT_TESTED,0,1,0,0.039,0.2553,0.2553,False
配股_01869.hk_16/06/26,01869,貓屎咖啡控股,2026-06-16,新股,一般授權,AGENT_SOURCED,False,False,False,False,False,,NOT_TESTED,False,NOT_TESTED,NOT_TESTED,False,True,NOT_TESTED,0,1,0,0.076,-0.4176,-0.3516,False
配股_01870.hk_17/07/26,01870,綠色電能集團,2026-07-17,新股,一般授權,AGENT_SOURCED,False,False,False,False,False,,NOT_TESTED,False,NOT_TESTED,NOT_TESTED,False,False,NOT_TESTED,0,1,0,0.2,-0.1274,0.3443,False
配股_01870.hk_09/12/25,01870,綠色電能集團,2025-12-09,新股,一般授權,AGENT_SOURCED,False,False,False,False,False,,NOT_TESTED,False,NOT_TESTED,NOT_TESTED,False,False,NOT_TESTED,0,1,0,0.55,-0.1182,-0.1273,False
供股_01872.hk_12/07/24,01872,冠轈控股,2024-07-12,供股,,UNKNOWN,False,False,False,False,False,,NOT_TESTED,,NOT_TESTED,NOT_TESTED,False,,NOT_TESTED,0,1,0,,,,
配股_01880.hk_20/01/26,01880,中國中免,2026-01-20,新股,一般授權,NO_DEF,False,False,False,False,False,,NOT_TESTED,False,NOT_TESTED,NOT_TESTED,False,False,NOT_TESTED,0,1,0,77.21,-0.1881,-0.3867,False
供股_01894.hk_11/12/25,01894,恒益控股,2025-12-11,供股,,UNKNOWN,False,False,False,False,False,,NOT_TESTED,,NOT_TESTED,NOT_TESTED,False,True,NOT_TESTED,0,1,0,,-0.0484,-0.3145,True
配股_01894.hk_07/07/26,01894,恒益控股,2026-07-07,新股,一般授權,DIRECT_SUBSCRIPTION,False,False,False,False,True,ESTIMATED pct命中(候選),NOT_TESTED,False,NOT_TESTED,NOT_TESTED,False,True,NOT_TESTED,0,2,2,0.45,-0.0217,0.3043,False
供股_01906.hk_19/06/24,01906,博尼控股,2024-06-19,供股,,UNKNOWN,False,False,False,False,False,,NOT_TESTED,,NOT_TESTED,NOT_TESTED,False,,NOT_TESTED,0,1,0,,,,
供股_01909.hk_05/10/25,01909,火岩控股,2025-10-05,供股,,UNKNOWN,False,False,False,False,False,,NOT_TESTED,,NOT_TESTED,NOT_TESTED,False,True,NOT_TESTED,0,1,0,,-0.1113,0.4898,False
配股_01912.hk_08/06/26,01912,康特隆,2026-06-08,新股,特別授權,UNKNOWN,False,False,False,False,False,,NOT_TESTED,,NOT_TESTED,NOT_TESTED,False,True,NOT_TESTED,0,1,0,,,,False
配股_01918.hk_24/08/26,01918,融創中國,2026-08-24,新股 - 代價發行,一般授權,NO_DEF,False,False,False,False,False,,NOT_TESTED,False,NOT_TESTED,NOT_TESTED,False,False,NOT_TESTED,0,1,0,0.547,0.0183,0.0183,False
配股_01920.hk_15/06/26,01920,巨美集團,2026-06-15,新股,一般授權,NO_DEF,False,False,False,False,False,,NOT_TESTED,False,NOT_TESTED,NOT_TESTED,False,False,NOT_TESTED,0,1,0,0.434,-0.13,-0.1,False
配股_01920.hk_10/11/25,01920,巨美集團,2025-11-10,新股,特別授權,DIRECT_SUBSCRIPTION,False,False,False,False,False,,NOT_TESTED,False,NOT_TESTED,NOT_TESTED,False,False,NOT_TESTED,0,1,1,0.3965,0.0526,2.0263,False
配股_01921.hk_28/04/26,01921,達力普控股,2026-04-28,先舊後新,一般授權,NO_DEF,False,False,False,False,False,,NOT_TESTED,False,NOT_TESTED,NOT_TESTED,False,False,NOT_TESTED,0,1,0,5.28,-0.4189,-0.3528,False
配股_01939.hk_30/09/25,01939,上善黃金,2025-09-30,新股,一般授權,AGENT_SOURCED,False,False,False,False,False,,NOT_TESTED,,NOT_TESTED,NOT_TESTED,False,,NOT_TESTED,0,1,0,6.53,,,
供股_01942.hk_21/05/26,01942,馬可數字科技,2026-05-21,供股,,UNKNOWN,False,False,False,False,False,,NOT_TESTED,,NOT_TESTED,NOT_TESTED,False,False,NOT_TESTED,0,1,0,,-0.3419,-0.3675,False
配股_01943.hk_25/06/26,01943,金石控股集團,2026-06-25,新股,一般授權,AGENT_SOURCED,False,False,False,False,False,,NOT_TESTED,False,NOT_TESTED,NOT_TESTED,False,False,NOT_TESTED,0,1,0,0.5456,0.2612,0.2612,False
配股_01949.hk_26/06/26,01949,佰達國際控股,2026-06-26,新股,一般授權,DIRECT_SUBSCRIPTION,False,False,False,False,False,,NOT_TESTED,True,NOT_TESTED,NOT_TESTED,False,True,NOT_TESTED,0,1,1,0.36,0.3095,0.3095,False
配股_01950.hk_30/06/26,01950,帝王實業控股,2026-06-30,新股,一般授權,AGENT_SOURCED,False,False,False,False,False,,NOT_TESTED,False,NOT_TESTED,NOT_TESTED,False,True,NOT_TESTED,0,1,0,0.087,0.0,0.0,False
配股_01961.hk_04/03/26,01961,多牛科技,2026-03-04,新股,一般授權,AGENT_SOURCED,False,False,False,False,False,,NOT_TESTED,False,NOT_TESTED,NOT_TESTED,False,True,NOT_TESTED,0,1,0,0.35,-0.6754,-0.6754,True
配股_01966.hk_13/04/26,01966,中駿集團控股,2026-04-13,新股,特別授權,NO_DEF,False,False,False,False,False,,NOT_TESTED,False,NOT_TESTED,NOT_TESTED,False,True,NOT_TESTED,0,1,0,1.6,-0.0476,-0.3968,False
配股_01985.hk_06/07/26,01985,美高域,2026-07-06,新股,一般授權,AGENT_SOURCED,False,False,False,False,False,,NOT_TESTED,False,NOT_TESTED,NOT_TESTED,False,True,NOT_TESTED,0,1,0,3.35,-0.1185,-0.2775,False
供股_01991.hk_05/02/26,01991,大洋集團,2026-02-05,供股,,UNKNOWN,False,False,False,False,False,,NOT_TESTED,,NOT_TESTED,NOT_TESTED,False,False,NOT_TESTED,0,1,0,,-0.2817,-0.2254,False
配股_02007.hk_22/12/25,02007,碧桂園,2025-12-22,新股,一般授權,NO_DEF,False,False,False,False,False,,NOT_TESTED,False,NOT_TESTED,NOT_TESTED,False,False,NOT_TESTED,0,1,0,0.4,-0.3523,-0.375,False
配股_02012.hk_21/12/25,02012,陽光油砂,2025-12-21,新股,特別授權,NO_DEF,False,False,False,False,False,,NOT_TESTED,False,NOT_TESTED,NOT_TESTED,False,False,NOT_TESTED,0,1,0,0.36,-0.1222,-0.2444,False
配股_02012.hk_22/10/25,02012,陽光油砂,2025-10-22,新股,特別授權,NO_DEF,False,False,False,False,False,,NOT_TESTED,False,NOT_TESTED,NOT_TESTED,False,False,NOT_TESTED,0,1,0,0.43,0.0465,-0.1047,False
配股_02012.hk_06/09/26,02012,陽光油砂,2026-09-06,新股,一般授權,NO_DEF,False,False,False,False,False,,NOT_TESTED,,NOT_TESTED,NOT_TESTED,False,,NOT_TESTED,0,1,0,0.192,,,
配股_02028.hk_29/06/26,02028,映美控股,2026-06-29,新股,一般授權,AGENT_SOURCED,False,False,False,False,False,,NOT_TESTED,False,NOT_TESTED,NOT_TESTED,False,True,NOT_TESTED,0,1,0,0.72,0.5843,0.5843,False
配股_02028.hk_26/05/26,02028,映美控股,2026-05-26,新股,一般授權,AGENT_SOURCED,False,False,False,False,False,,NOT_TESTED,False,NOT_TESTED,NOT_TESTED,False,True,NOT_TESTED,0,1,0,0.11,12.9098,9.6015,False
配股_02110.hk_15/04/26,02110,天成控股,2026-04-15,新股,一般授權,AGENT_SOURCED,False,False,False,False,False,,NOT_TESTED,False,NOT_TESTED,NOT_TESTED,False,True,NOT_TESTED,0,1,0,0.105,-0.1143,-0.2857,False
配股_02110.hk_10/10/25,02110,天成控股,2025-10-10,新股,一般授權,AGENT_SOURCED,False,False,False,False,False,,NOT_TESTED,False,NOT_TESTED,NOT_TESTED,False,True,NOT_TESTED,0,1,0,0.1,0.2672,-0.2155,True
供股_02135.hk_26/02/24,02135,瑞麗醫美,2024-02-26,供股,,UNKNOWN,False,False,False,False,False,,NOT_TESTED,,NOT_TESTED,NOT_TESTED,False,,NOT_TESTED,0,1,0,,0.0508,-0.0424,False
配股_02147.hk_30/12/25,02147,正味集團,2025-12-30,新股,一般授權,AGENT_SOURCED,False,False,False,False,False,,NOT_TESTED,False,NOT_TESTED,NOT_TESTED,False,True,NOT_TESTED,0,1,0,0.8,-0.186,-0.4767,False
供股_02147.hk_03/08/26,02147,正味集團,2026-08-03,供股,,UNKNOWN,False,False,False,False,False,,NOT_TESTED,,NOT_TESTED,NOT_TESTED,False,True,NOT_TESTED,0,1,0,,-0.0179,-0.0179,False
配股_02159.hk_30/03/26,02159,麥迪衛康,2026-03-30,新股,特別授權,AGENT_SOURCED,False,False,False,False,False,,NOT_TESTED,False,NOT_TESTED,NOT_TESTED,False,True,NOT_TESTED,0,1,0,1.86,-0.135,-0.125,False
配股_02160.hk_29/09/25,02160,微創心通－Ｂ,2025-09-29,新股,特別授權,NO_DEF,False,False,False,False,False,,NOT_TESTED,,NOT_TESTED,NOT_TESTED,False,,NOT_TESTED,0,1,0,1.35,,,
配股_02166.hk_22/06/26,02166,芯智控股,2026-06-22,新股,一般授權,AGENT_SOURCED,False,False,False,False,False,,NOT_TESTED,,NOT_TESTED,NOT_TESTED,False,,NOT_TESTED,0,1,0,3.0,,,
配股_02171.hk_15/05/26,02171,科濟藥業－Ｂ,2026-05-15,先舊後新,一般授權,AGENT_SOURCED,False,False,False,False,False,,NOT_TESTED,False,NOT_TESTED,NOT_TESTED,False,False,NOT_TESTED,0,1,0,19.84,-0.2769,-0.3256,False
配股_02175.hk_06/11/25,02175,中國通才教育,2025-11-06,新股 - 代價發行,一般授權,UNKNOWN,False,False,False,False,False,,NOT_TESTED,,NOT_TESTED,NOT_TESTED,False,,NOT_TESTED,0,1,0,,,,
配股_02187.hk_26/01/26,02187,智欣集團控股,2026-01-26,新股,一般授權,AGENT_SOURCED,False,False,False,False,False,,NOT_TESTED,False,NOT_TESTED,NOT_TESTED,False,True,NOT_TESTED,0,1,0,0.68,0.0,-0.2125,False
供股_02211.hk_17/07/26,02211,大健康國際,2026-07-17,供股,,UNKNOWN,False,False,False,False,False,,NOT_TESTED,,NOT_TESTED,NOT_TESTED,False,True,NOT_TESTED,0,1,0,,0.9036,0.9036,False
配股_02216.hk_10/10/25,02216,堃博醫療－Ｂ,2025-10-10,新股,一般授權,DIRECT_SUBSCRIPTION,False,False,False,False,False,,NOT_TESTED,,NOT_TESTED,NOT_TESTED,False,,NOT_TESTED,0,1,1,3.11,,,
配股_02221.hk_23/12/25,02221,創業集團控股,2025-12-23,新股,一般授權,AGENT_SOURCED,False,False,False,False,False,,NOT_TESTED,False,NOT_TESTED,NOT_TESTED,False,True,NOT_TESTED,0,1,0,1.0,-0.0213,-0.0426,False
配股_02221.hk_10/09/26,02221,創業集團控股,2026-09-10,新股,一般授權,DIRECT_SUBSCRIPTION,False,False,False,False,False,,NOT_TESTED,,NOT_TESTED,NOT_TESTED,False,,NOT_TESTED,0,1,1,1.0,,,
配股_02221.hk_03/09/26,02221,創業集團控股,2026-09-03,新股 - 代價發行,一般授權,NO_DEF,False,False,False,False,False,,NOT_TESTED,,NOT_TESTED,NOT_TESTED,False,,NOT_TESTED,0,1,0,0.56,,,
配股_02250.hk_28/01/26,02250,小黃鴨德盈,2026-01-28,新股,一般授權,AGENT_SOURCED,False,False,False,False,False,,NOT_TESTED,False,NOT_TESTED,NOT_TESTED,False,True,NOT_TESTED,0,1,0,0.74,-0.1341,-0.5488,False
配股_02250.hk_30/09/25,02250,小黃鴨德盈,2025-09-30,先舊後新,一般授權,AGENT_SOURCED,False,False,False,False,False,,NOT_TESTED,False,NOT_TESTED,NOT_TESTED,False,False,NOT_TESTED,0,1,0,1.13,-0.2047,-0.3622,False
配股_02256.hk_21/04/26,02256,和譽－Ｂ,2026-04-21,新股,一般授權,AGENT_SOURCED,False,False,False,False,False,,NOT_TESTED,False,NOT_TESTED,NOT_TESTED,False,False,NOT_TESTED,0,1,0,12.18,-0.3307,-0.2776,False
配股_02257.hk_25/05/26,02257,聖諾醫藥－Ｂ,2026-05-25,新股,一般授權,NO_DEF,False,False,False,False,False,,NOT_TESTED,False,NOT_TESTED,NOT_TESTED,False,False,NOT_TESTED,0,1,0,4.69,-0.2446,-0.324,False
配股_02271.hk_10/02/26,02271,眾安智慧生活,2026-02-10,新股,一般授權,AGENT_SOURCED,False,False,False,False,False,,NOT_TESTED,,NOT_TESTED,NOT_TESTED,False,,NOT_TESTED,0,1,0,3.53,,,
配股_02276.hk_27/01/26,02276,康耐特光學,2026-01-27,新股,一般授權,AGENT_SOURCED,False,False,False,False,False,,NOT_TESTED,False,NOT_TESTED,NOT_TESTED,False,False,NOT_TESTED,0,1,0,52.0,-0.0881,-0.3684,False
配股_02312.hk_17/04/26,02312,ＬＯＮＧ投資集團,2026-04-17,新股 - 代價發行,一般授權,NO_DEF,False,False,False,False,False,,NOT_TESTED,False,NOT_TESTED,NOT_TESTED,False,False,NOT_TESTED,0,1,0,0.728,-0.4221,-0.5065,False
配股_02312.hk_06/10/25,02312,ＬＯＮＧ投資集團,2025-10-06,新股,一般授權,DIRECT_SUBSCRIPTION,False,False,False,False,False,,NOT_TESTED,False,NOT_TESTED,NOT_TESTED,False,False,NOT_TESTED,0,1,1,1.25,-0.2907,-0.4477,False
配股_02322.hk_17/11/25,02322,新質數字,2025-11-17,新股,一般授權,AGENT_SOURCED,False,False,False,False,False,,NOT_TESTED,False,NOT_TESTED,NOT_TESTED,False,False,NOT_TESTED,0,1,0,0.1,0.025,-0.275,False
供股_02324.hk_13/08/25,02324,首都創投,2025-08-13,供股,,UNKNOWN,False,False,False,False,False,,NOT_TESTED,,NOT_TESTED,NOT_TESTED,False,True,NOT_TESTED,0,1,0,,-0.0699,-0.042,False
配股_02330.hk_05/08/26,02330,中國上城,2026-08-05,新股,一般授權,AGENT_SOURCED,False,False,False,False,False,,NOT_TESTED,False,NOT_TESTED,NOT_TESTED,False,True,NOT_TESTED,0,1,0,0.26,-0.0877,-0.1228,False
配股_02330.hk_17/10/25,02330,中國上城,2025-10-17,新股,一般授權,AGENT_SOURCED,False,False,False,False,False,,NOT_TESTED,False,NOT_TESTED,NOT_TESTED,False,True,NOT_TESTED,0,1,0,0.18,-0.4704,0.0185,True
供股_02330.hk_08/04/24,02330,中國上城,2024-04-08,配售,特別授權,AGENT_SOURCED,False,False,False,False,False,,NOT_TESTED,,NOT_TESTED,NOT_TESTED,False,,NOT_TESTED,0,1,0,,-0.1852,0.0074,False
供股_02339.hk_22/08/24,02339,京西國際,2024-08-22,供股,,UNKNOWN,False,False,False,False,False,,NOT_TESTED,,NOT_TESTED,NOT_TESTED,False,,NOT_TESTED,0,1,0,,-0.0299,0.5224,False
配股_02339.hk_17/11/25,02339,京西國際,2025-11-17,新股,特別授權,DIRECT_SUBSCRIPTION,False,False,False,False,False,,NOT_TESTED,,NOT_TESTED,NOT_TESTED,False,True,NOT_TESTED,0,4,4,0.704,1.952,2.376,False
配股_02340.hk_30/09/25,02340,昇柏控股,2025-09-30,新股,一般授權,AGENT_SOURCED,False,False,False,False,False,,NOT_TESTED,False,NOT_TESTED,NOT_TESTED,False,True,NOT_TESTED,0,1,0,0.137,0.122,0.0427,False
供股_02340.hk_11/04/25,02340,昇柏控股,2025-04-11,供股,,UNKNOWN,False,False,False,False,False,,NOT_TESTED,,NOT_TESTED,NOT_TESTED,False,,NOT_TESTED,0,1,0,,0.3409,0.1364,False
配股_02349.hk_17/06/26,02349,中國智能基礎設施,2026-06-17,新股,一般授權,AGENT_SOURCED,False,False,False,False,False,,NOT_TESTED,False,NOT_TESTED,NOT_TESTED,False,True,NOT_TESTED,0,1,0,0.1,0.2,0.3,False
配股_02350.hk_28/08/26,02350,數科集團,2026-08-28,新股 - 代價發行,一般授權,NO_DEF,False,False,False,False,False,,NOT_TESTED,False,NOT_TESTED,NOT_TESTED,False,True,NOT_TESTED,0,1,0,0.655,0.0217,0.0217,False
配股_02350.hk_31/12/25,02350,數科集團,2025-12-31,新股 - 代價發行,一般授權,NO_DEF,False,False,False,False,False,,NOT_TESTED,False,NOT_TESTED,NOT_TESTED,False,False,NOT_TESTED,0,1,0,0.7,,,False
供股_02350.hk_12/05/26,02350,數科集團,2026-05-12,供股,,UNKNOWN,False,False,False,False,False,,NOT_TESTED,,NOT_TESTED,NOT_TESTED,False,False,NOT_TESTED,0,1,0,,0.1447,0.1208,False
配股_02369.hk_17/07/26,02369,酷派集團,2026-07-17,新股,一般授權,AGENT_SOURCED,False,False,False,False,False,,NOT_TESTED,True,NOT_TESTED,NOT_TESTED,False,True,NOT_TESTED,0,1,0,0.51,0.0556,-0.1905,False
配股_02371.hk_24/10/25,02371,創聯控股,2025-10-24,新股,特別授權,AGENT_SOURCED,False,False,False,False,False,,NOT_TESTED,False,NOT_TESTED,NOT_TESTED,False,True,NOT_TESTED,0,1,0,0.01,-0.1429,-0.1714,False
配股_02373.hk_15/10/25,02373,美麗田園醫療健康,2025-10-15,新股 - 代價發行,特別授權,NO_DEF,False,False,False,False,False,,NOT_TESTED,,NOT_TESTED,NOT_TESTED,False,,NOT_TESTED,0,1,0,28.71,,,
配股_02399.hk_12/12/25,02399,中國安儲能源,2025-12-12,新股,一般授權,AGENT_SOURCED,False,False,False,False,False,,NOT_TESTED,,NOT_TESTED,NOT_TESTED,False,,NOT_TESTED,0,1,0,0.55,,,
配股_02402.hk_16/12/25,02402,億華通,2025-12-16,新股,一般授權,AGENT_SOURCED,False,False,False,False,False,,NOT_TESTED,,NOT_TESTED,NOT_TESTED,False,,NOT_TESTED,0,1,0,22.68,,,
配股_02410.hk_21/07/26,02410,同源康醫藥－Ｂ,2026-07-21,新股,一般授權,DIRECT_SUBSCRIPTION,False,False,False,False,False,,NOT_TESTED,False,NOT_TESTED,NOT_TESTED,False,False,NOT_TESTED,0,1,1,7.3,-0.3379,-0.6075,False
配股_02422.hk_23/12/25,02422,潤歌互動,2025-12-23,新股,一般授權,AGENT_SOURCED,False,False,False,False,False,,NOT_TESTED,False,NOT_TESTED,NOT_TESTED,False,True,NOT_TESTED,0,1,0,0.435,0.8333,1.1852,False
供股_02425.hk_16/04/25,02425,澳亞集團,2025-04-16,供股,,UNKNOWN,False,False,False,False,False,,NOT_TESTED,,NOT_TESTED,NOT_TESTED,False,,NOT_TESTED,0,1,0,,,,
配股_02431.hk_22/07/26,02431,佑駕創新,2026-07-22,新股,一般授權,AGENT_SOURCED,False,False,False,False,False,,NOT_TESTED,False,NOT_TESTED,NOT_TESTED,False,False,NOT_TESTED,0,1,0,6.23,-0.5573,-0.7217,False
配股_02431.hk_26/11/25,02431,佑駕創新,2025-11-26,新股,一般授權,AGENT_SOURCED,False,False,False,False,False,,NOT_TESTED,False,NOT_TESTED,NOT_TESTED,False,False,NOT_TESTED,0,1,0,14.88,0.0395,-0.2597,False
配股_02431.hk_29/05/26,02431,佑駕創新,2026-05-29,新股,一般授權,DIRECT_SUBSCRIPTION,False,False,False,False,False,,NOT_TESTED,False,NOT_TESTED,NOT_TESTED,False,False,NOT_TESTED,0,1,1,9.81,-0.184,-0.7937,False
配股_02432.hk_06/11/25,02432,越疆,2025-11-06,新股,一般授權,NO_DEF,False,False,False,False,False,,NOT_TESTED,False,NOT_TESTED,NOT_TESTED,False,False,NOT_TESTED,0,1,0,46.8,-0.3296,-0.2471,False
配股_02439.hk_01/04/26,02439,中寶新材,2026-04-01,新股,一般授權,AGENT_SOURCED,False,False,False,False,False,,NOT_TESTED,True,NOT_TESTED,NOT_TESTED,False,True,NOT_TESTED,0,1,0,0.228,0.3333,0.0175,False
供股_02440.hk_04/06/25,02440,迷策略,2025-06-04,供股,,UNKNOWN,False,False,False,False,False,,NOT_TESTED,,NOT_TESTED,NOT_TESTED,False,False,NOT_TESTED,0,1,0,,0.7431,0.3037,False
配股_02440.hk_14/11/25,02440,迷策略,2025-11-14,新股,一般授權,DIRECT_SUBSCRIPTION,False,False,False,False,False,,NOT_TESTED,True,NOT_TESTED,NOT_TESTED,False,False,NOT_TESTED,0,4,4,1.714,-0.1048,-0.2857,False
配股_02448.hk_05/02/26,02448,恆宇集團,2026-02-05,新股,特別授權,UNKNOWN,False,False,False,False,False,,NOT_TESTED,,NOT_TESTED,NOT_TESTED,False,,NOT_TESTED,0,1,0,,,,
供股_02448.hk_01/03/24,02448,恆宇集團,2024-03-01,供股,,UNKNOWN,False,False,False,False,False,,NOT_TESTED,,NOT_TESTED,NOT_TESTED,False,,NOT_TESTED,0,1,0,,,,
配股_02459.hk_26/01/26,02459,昇能集團,2026-01-26,新股,一般授權,AGENT_SOURCED,False,False,False,False,False,,NOT_TESTED,False,NOT_TESTED,NOT_TESTED,False,True,NOT_TESTED,0,1,0,0.083,0.0472,-0.3774,False
供股_02459.hk_07/07/25,02459,昇能集團,2025-07-07,供股,,NO_DEF,False,False,False,False,False,,NOT_TESTED,,NOT_TESTED,NOT_TESTED,False,True,NOT_TESTED,0,1,0,,0.0157,-0.1616,False
配股_02465.hk_17/06/26,02465,龍蟠科技,2026-06-17,新股,一般授權,AGENT_SOURCED,False,False,False,False,False,,NOT_TESTED,False,NOT_TESTED,NOT_TESTED,False,False,NOT_TESTED,0,1,0,13.09,-0.2801,-0.2632,False
配股_02473.hk_04/08/26,02473,喜相逢集團,2026-08-04,新股 - 代價發行,特別授權,NO_DEF,False,False,False,False,False,,NOT_TESTED,True,NOT_TESTED,NOT_TESTED,False,False,NOT_TESTED,0,1,0,0.3947,-0.1485,-0.1485,False
配股_02473.hk_13/05/26,02473,喜相逢集團,2026-05-13,先舊後新,一般授權,AGENT_SOURCED,False,False,False,False,False,,NOT_TESTED,False,NOT_TESTED,NOT_TESTED,False,False,NOT_TESTED,0,1,0,0.82,-0.2738,-0.4881,False
配股_02473.hk_13/04/26,02473,喜相逢集團,2026-04-13,先舊後新,一般授權,AGENT_SOURCED,False,False,False,False,False,,NOT_TESTED,False,NOT_TESTED,NOT_TESTED,False,False,NOT_TESTED,0,1,0,0.98,-0.3621,-0.6207,False
配股_02477.hk_13/07/26,02477,經緯天地,2026-07-13,先舊後新,一般授權,NO_DEF,False,False,False,False,False,,NOT_TESTED,False,NOT_TESTED,NOT_TESTED,False,False,NOT_TESTED,0,1,0,0.26,-0.0654,-0.2115,False
配股_02490.hk_12/06/26,02490,樂艙物流,2026-06-12,新股,一般授權,AGENT_SOURCED,False,False,False,False,False,,NOT_TESTED,,NOT_TESTED,NOT_TESTED,False,,NOT_TESTED,0,1,0,3.3,,,
配股_02495.hk_20/05/26,02495,聲通科技,2026-05-20,新股,一般授權,AGENT_SOURCED,False,False,False,False,False,,NOT_TESTED,,NOT_TESTED,NOT_TESTED,False,,NOT_TESTED,0,1,0,46.3,,,
配股_02495.hk_12/01/26,02495,聲通科技,2026-01-12,新股,一般授權,AGENT_SOURCED,False,False,False,False,False,,NOT_TESTED,,NOT_TESTED,NOT_TESTED,False,,NOT_TESTED,0,1,0,46.3,,,
配股_02495.hk_10/04/26,02495,聲通科技,2026-04-10,新股,一般授權,DIRECT_SUBSCRIPTION,False,False,False,False,False,,NOT_TESTED,,NOT_TESTED,NOT_TESTED,False,,NOT_TESTED,0,1,1,46.3,,,
配股_02497.hk_28/05/26,02497,富景中國控股,2026-05-28,新股 - 代價發行,一般授權,UNKNOWN,False,False,False,False,False,,NOT_TESTED,,NOT_TESTED,NOT_TESTED,False,True,NOT_TESTED,0,1,0,,0.0526,0.1667,False
配股_02499.hk_17/04/26,02499,佛朗斯股份,2026-04-17,新股,一般授權,DIRECT_SUBSCRIPTION,False,False,False,False,False,,NOT_TESTED,,NOT_TESTED,NOT_TESTED,False,,NOT_TESTED,0,1,1,6.02,,,
配股_02500.hk_10/09/26,02500,啓明醫療－Ｂ,2026-09-10,新股,特別授權,DIRECT_SUBSCRIPTION,False,False,False,False,False,,NOT_TESTED,,NOT_TESTED,NOT_TESTED,False,,NOT_TESTED,0,1,1,1.078,,,
配股_02501.hk_26/07/26,02501,邁越科技,2026-07-26,新股,一般授權,AGENT_SOURCED,False,False,False,False,False,,NOT_TESTED,True,NOT_TESTED,NOT_TESTED,False,True,NOT_TESTED,0,1,0,0.97,0.3985,0.3195,False
配股_02503.hk_06/11/25,02503,中深建業,2025-11-06,新股,特別授權,NO_DEF,False,False,False,False,False,,NOT_TESTED,False,NOT_TESTED,NOT_TESTED,False,False,NOT_TESTED,0,1,0,0.53,0.0103,-0.3897,False
供股_02503.hk_26/03/26,02503,中深建業,2026-03-26,供股,,UNKNOWN,False,False,False,False,False,,NOT_TESTED,,NOT_TESTED,NOT_TESTED,False,False,NOT_TESTED,0,1,0,,0.1676,0.5607,False
配股_02511.hk_31/07/26,02511,君聖泰醫藥－Ｂ,2026-07-31,新股,一般授權,NO_DEF,False,False,False,False,False,,NOT_TESTED,False,NOT_TESTED,NOT_TESTED,False,True,NOT_TESTED,0,1,0,2.28,0.2885,0.2019,False
配股_02513.hk_09/07/26,02513,智譜,2026-07-09,新股,一般授權,AGENT_SOURCED,False,False,False,False,False,,NOT_TESTED,False,NOT_TESTED,NOT_TESTED,False,False,NOT_TESTED,0,1,0,588.0,-0.4966,-0.6358,False
配股_02513.hk_13/09/26,02513,智譜,2026-09-13,新股,一般授權,AGENT_SOURCED,False,False,False,False,False,,NOT_TESTED,False,NOT_TESTED,NOT_TESTED,False,False,NOT_TESTED,0,1,0,714.0,0.0264,0.0264,False
配股_02515.hk_21/05/26,02515,天津建發,2026-05-21,新股,一般授權,AGENT_SOURCED,False,False,False,False,False,,NOT_TESTED,True,NOT_TESTED,NOT_TESTED,False,False,NOT_TESTED,0,1,0,0.85,0.1509,1.3585,False
配股_02515.hk_11/02/26,02515,天津建發,2026-02-11,新股,一般授權,AGENT_SOURCED,False,False,False,False,False,,NOT_TESTED,False,NOT_TESTED,NOT_TESTED,False,True,NOT_TESTED,0,1,0,0.68,0.35,0.4625,False
配股_02516.hk_12/11/25,02516,泛遠國際,2025-11-12,新股,一般授權,AGENT_SOURCED,False,False,False,False,False,,NOT_TESTED,False,NOT_TESTED,NOT_TESTED,False,True,NOT_TESTED,0,1,0,0.455,0.549,1.3922,False
配股_02522.hk_27/04/26,02522,一脈陽光,2026-04-27,新股 - 代價發行,一般授權,NO_DEF,False,False,False,False,False,,NOT_TESTED,,NOT_TESTED,NOT_TESTED,False,,NOT_TESTED,0,1,0,6.405,,,
配股_02533.hk_10/03/26,02533,黑芝麻智能,2026-03-10,新股,一般授權,AGENT_SOURCED,False,False,False,False,False,,NOT_TESTED,False,NOT_TESTED,NOT_TESTED,False,False,NOT_TESTED,0,1,0,18.88,-0.1549,-0.4195,False
配股_02533.hk_09/01/26,02533,黑芝麻智能,2026-01-09,新股,一般授權,DIRECT_SUBSCRIPTION,False,False,False,False,False,,NOT_TESTED,False,NOT_TESTED,NOT_TESTED,False,False,NOT_TESTED,0,2,2,18.88,-0.1332,-0.284,False
配股_02540.hk_22/05/26,02540,樂思集團,2026-05-22,新股,一般授權,AGENT_SOURCED,False,False,False,False,False,,NOT_TESTED,False,NOT_TESTED,NOT_TESTED,False,True,NOT_TESTED,0,1,0,0.7,-0.2883,-0.3604,False
配股_02550.hk_03/06/26,02550,宜搜科技,2026-06-03,新股 - 代價發行,一般授權,UNKNOWN,False,False,False,False,False,,NOT_TESTED,,NOT_TESTED,NOT_TESTED,False,,NOT_TESTED,0,1,0,,,,
配股_02556.hk_15/05/26,02556,邁富時,2026-05-15,新股,一般授權,NO_DEF,False,False,False,False,False,,NOT_TESTED,False,NOT_TESTED,NOT_TESTED,False,False,NOT_TESTED,0,1,0,40.54,-0.2472,0.1347,False
配股_02556.hk_17/09/26,02556,邁富時,2026-09-17,新股,一般授權,AGENT_SOURCED,False,False,False,False,False,,NOT_TESTED,,NOT_TESTED,NOT_TESTED,False,,NOT_TESTED,0,1,0,50.85,,,
配股_02563.hk_07/05/26,02563,華昊中天醫藥－Ｂ,2026-05-07,新股,一般授權,DIRECT_SUBSCRIPTION,False,False,False,False,False,,NOT_TESTED,,NOT_TESTED,NOT_TESTED,False,,NOT_TESTED,0,1,1,4.0,,,
配股_02565.hk_14/12/25,02565,派格生物醫藥－Ｂ,2025-12-14,新股,一般授權,AGENT_SOURCED,False,False,False,False,False,,NOT_TESTED,False,NOT_TESTED,NOT_TESTED,False,False,NOT_TESTED,0,1,0,58.41,-0.0199,-0.623,False
配股_02570.hk_18/01/26,02570,重塑能源,2026-01-18,新股,一般授權,AGENT_SOURCED,False,False,False,False,False,,NOT_TESTED,False,NOT_TESTED,NOT_TESTED,False,False,NOT_TESTED,0,1,0,58.38,-0.1954,-0.5175,False
配股_02577.hk_10/10/25,02577,英諾賽科,2025-10-10,新股,一般授權,NO_DEF,False,False,False,False,False,,NOT_TESTED,False,NOT_TESTED,NOT_TESTED,False,False,NOT_TESTED,0,1,0,75.58,-0.1013,-0.1193,False
配股_02582.hk_11/03/26,02582,國富氫能,2026-03-11,新股,一般授權,AGENT_SOURCED,False,False,False,False,False,,NOT_TESTED,,NOT_TESTED,NOT_TESTED,False,,NOT_TESTED,0,1,0,31.07,,,
配股_02582.hk_25/11/25,02582,國富氫能,2025-11-25,新股,一般授權,AGENT_SOURCED,False,False,False,False,False,,NOT_TESTED,,NOT_TESTED,NOT_TESTED,False,,NOT_TESTED,0,1,0,41.166,,,
配股_02582.hk_16/10/25,02582,國富氫能,2025-10-16,新股,一般授權,AGENT_SOURCED,False,False,False,False,False,,NOT_TESTED,,NOT_TESTED,NOT_TESTED,False,,NOT_TESTED,0,1,0,48.47,,,
配股_02592.hk_18/06/26,02592,撥康視雲－Ｂ,2026-06-18,新股,一般授權,DIRECT_SUBSCRIPTION,False,False,False,False,False,,NOT_TESTED,,NOT_TESTED,NOT_TESTED,False,,NOT_TESTED,0,1,1,1.03,,,
配股_02595.hk_15/07/26,02595,勁方醫藥－Ｂ,2026-07-15,新股,一般授權,AGENT_SOURCED,False,False,False,False,False,,NOT_TESTED,False,NOT_TESTED,NOT_TESTED,False,False,NOT_TESTED,0,1,0,34.69,-0.2373,-0.4104,False
配股_02597.hk_10/09/26,02597,訊眾通信,2026-09-10,新股,一般授權,NO_DEF,False,False,False,False,False,,NOT_TESTED,,NOT_TESTED,NOT_TESTED,False,,NOT_TESTED,0,1,0,28.2,,,
配股_02603.hk_16/07/26,02603,吉宏股份,2026-07-16,新股,一般授權,AGENT_SOURCED,False,False,False,False,False,,NOT_TESTED,False,NOT_TESTED,NOT_TESTED,False,False,NOT_TESTED,0,1,0,12.24,-0.1884,-0.1981,False
配股_02610.hk_22/01/26,02610,南山鋁業國際,2026-01-22,先舊後新,一般授權,DIRECT_SUBSCRIPTION,False,False,False,False,False,,NOT_TESTED,False,NOT_TESTED,NOT_TESTED,False,False,NOT_TESTED,0,1,1,64.5,-0.0251,-0.5013,False
配股_02616.hk_15/04/26,02616,基石藥業－Ｂ,2026-04-15,新股,一般授權,AGENT_SOURCED,False,False,False,False,False,,NOT_TESTED,False,NOT_TESTED,NOT_TESTED,False,False,NOT_TESTED,0,1,0,8.97,-0.1869,-0.5429,False
配股_02617.hk_19/05/26,02617,藥捷安康－Ｂ,2026-05-19,新股,一般授權,AGENT_SOURCED,False,False,False,False,False,,NOT_TESTED,False,NOT_TESTED,NOT_TESTED,False,False,NOT_TESTED,0,1,0,40.83,-0.7468,-0.7496,True
配股_02617.hk_15/04/26,02617,藥捷安康－Ｂ,2026-04-15,新股,一般授權,AGENT_SOURCED,False,False,False,False,False,,NOT_TESTED,False,NOT_TESTED,NOT_TESTED,False,False,NOT_TESTED,0,1,0,57.03,-0.5018,-0.834,True
配股_02617.hk_14/01/26,02617,藥捷安康－Ｂ,2026-01-14,新股,一般授權,AGENT_SOURCED,False,False,False,False,False,,NOT_TESTED,False,NOT_TESTED,NOT_TESTED,False,False,NOT_TESTED,0,1,0,92.85,-0.3716,-0.6418,False
配股_02623.hk_18/06/26,02623,香港黃金產業集團,2026-06-18,新股,一般授權,AGENT_SOURCED,False,False,False,False,False,,NOT_TESTED,False,NOT_TESTED,NOT_TESTED,False,False,NOT_TESTED,0,1,0,4.08,-0.117,-0.1415,False
供股_02623.hk_29/01/26,02623,香港黃金產業集團,2026-01-29,供股,,UNKNOWN,False,False,False,False,False,,NOT_TESTED,,NOT_TESTED,NOT_TESTED,False,False,NOT_TESTED,0,1,0,,0.2104,0.1386,False
配股_02625.hk_11/11/25,02625,江蘇宏信,2025-11-11,新股,一般授權,NO_DEF,False,False,False,False,False,,NOT_TESTED,False,NOT_TESTED,NOT_TESTED,False,False,NOT_TESTED,0,1,0,2.9,0.2077,0.3056,False
配股_02629.hk_29/01/26,02629,MIRXES-B,2026-01-29,新股,一般授權,NO_DEF,False,False,False,False,False,,NOT_TESTED,False,NOT_TESTED,NOT_TESTED,False,False,NOT_TESTED,0,1,0,32.5,-0.5967,-0.6384,False
配股_02643.hk_28/01/26,02643,曹操出行,2026-01-28,新股,一般授權,AGENT_SOURCED,False,False,False,False,False,,NOT_TESTED,False,NOT_TESTED,NOT_TESTED,False,False,NOT_TESTED,0,1,0,32.46,-0.1194,0.0304,False
配股_02650.hk_23/06/26,02650,摯達科技,2026-06-23,新股,一般授權,AGENT_SOURCED,False,False,False,False,False,,NOT_TESTED,False,NOT_TESTED,NOT_TESTED,False,False,NOT_TESTED,0,1,0,10.98,0.0879,0.0879,False
配股_02651.hk_24/06/26,02651,大眾口腔,2026-06-24,新股,一般授權,AGENT_SOURCED,False,False,False,False,False,,NOT_TESTED,False,NOT_TESTED,NOT_TESTED,False,True,NOT_TESTED,0,1,0,10.0,0.5833,0.5833,False
配股_02652.hk_31/07/26,02652,長風藥業,2026-07-31,新股,一般授權,AGENT_SOURCED,False,False,False,False,False,,NOT_TESTED,False,NOT_TESTED,NOT_TESTED,False,False,NOT_TESTED,0,1,0,13.82,-0.4786,-0.465,False
供股_02680.hk_26/09/24,02680,南強控股,2024-09-26,供股,,UNKNOWN,False,False,False,False,False,,NOT_TESTED,,NOT_TESTED,NOT_TESTED,False,,NOT_TESTED,0,1,0,,0.0287,1.2727,False
配股_02685.hk_10/07/26,02685,量化派,2026-07-10,新股,一般授權,DIRECT_SUBSCRIPTION,False,False,False,False,False,,NOT_TESTED,False,NOT_TESTED,NOT_TESTED,False,False,NOT_TESTED,0,1,1,13.05,-0.7049,-0.7194,True
配股_02685.hk_16/09/26,02685,量化派,2026-09-16,新股,一般授權,NO_DEF,False,False,False,False,False,,NOT_TESTED,False,NOT_TESTED,NOT_TESTED,False,False,NOT_TESTED,0,1,0,3.4,-0.0361,-0.0361,False
供股_02699.hk_16/02/26,02699,新明中國,2026-02-16,供股,,UNKNOWN,False,False,False,False,False,,NOT_TESTED,,NOT_TESTED,NOT_TESTED,False,True,NOT_TESTED,0,1,0,,0.0257,0.0189,False
供股_02699.hk_06/12/24,02699,新明中國,2024-12-06,供股,,UNKNOWN,False,False,False,False,False,,NOT_TESTED,,NOT_TESTED,NOT_TESTED,False,,NOT_TESTED,0,1,0,,0.1117,0.8307,False
配股_02865.hk_21/01/26,02865,鈞達股份,2026-01-21,新股,一般授權,AGENT_SOURCED,False,False,False,False,False,,NOT_TESTED,False,NOT_TESTED,NOT_TESTED,False,False,NOT_TESTED,0,1,0,22.0,0.7212,0.2518,False
配股_02889.hk_17/06/26,02889,博泰車聯,2026-06-17,新股,一般授權,AGENT_SOURCED,False,False,False,False,False,,NOT_TESTED,False,NOT_TESTED,NOT_TESTED,False,False,NOT_TESTED,0,1,0,173.4,-0.2659,-0.2282,False
配股_02889.hk_28/04/26,02889,博泰車聯,2026-04-28,新股,一般授權,DIRECT_SUBSCRIPTION,False,False,False,False,False,,NOT_TESTED,False,NOT_TESTED,NOT_TESTED,False,False,NOT_TESTED,0,1,1,127.35,0.4189,-0.0743,False
配股_02889.hk_08/09/26,02889,博泰車聯,2026-09-08,新股,一般授權,NO_DEF,False,False,False,False,False,,NOT_TESTED,,NOT_TESTED,NOT_TESTED,False,,NOT_TESTED,0,1,0,120.28,,,
供股_03303.hk_14/01/26,03303,巨濤海洋石油服務,2026-01-14,供股,,UNKNOWN,False,False,False,False,False,,NOT_TESTED,,NOT_TESTED,NOT_TESTED,False,,NOT_TESTED,0,1,0,,,,
配股_03306.hk_23/01/26,03306,江南布衣,2026-01-23,新股,一般授權,AGENT_SOURCED,False,False,False,False,False,,NOT_TESTED,False,NOT_TESTED,NOT_TESTED,False,False,NOT_TESTED,0,1,0,18.78,0.1093,0.0356,False
配股_03313.hk_05/12/25,03313,雅高控股,2025-12-05,新股,一般授權,AGENT_SOURCED,False,False,False,False,False,,NOT_TESTED,False,NOT_TESTED,NOT_TESTED,False,True,NOT_TESTED,0,1,0,0.106,0.1364,-0.0833,False
配股_03317.hk_03/07/26,03317,迅策,2026-07-03,新股,一般授權,AGENT_SOURCED,False,False,False,False,False,,NOT_TESTED,False,NOT_TESTED,NOT_TESTED,False,False,NOT_TESTED,0,1,0,107.7,0.1765,-0.1573,False
配股_03321.hk_03/03/26,03321,中科集團控股,2026-03-03,新股,一般授權,AGENT_SOURCED,False,False,False,False,False,,NOT_TESTED,False,NOT_TESTED,NOT_TESTED,False,True,NOT_TESTED,0,1,0,0.039,0.0435,1.6304,False
配股_03330.hk_14/04/26,03330,靈寶黃金,2026-04-14,先舊後新,一般授權,AGENT_SOURCED,False,False,False,False,False,,NOT_TESTED,False,NOT_TESTED,NOT_TESTED,False,False,NOT_TESTED,0,1,0,26.16,-0.3832,-0.2648,False
配股_03393.hk_21/04/26,03393,威勝控股,2026-04-21,先舊後新,一般授權,NO_DEF,False,False,False,False,False,,NOT_TESTED,False,NOT_TESTED,NOT_TESTED,False,False,NOT_TESTED,0,1,0,30.0,-0.222,-0.3407,False
配股_03395.hk_03/11/25,03395,吉星新能源,2025-11-03,新股,特別授權,NO_DEF,False,False,False,False,False,,NOT_TESTED,False,NOT_TESTED,NOT_TESTED,False,True,NOT_TESTED,0,1,0,0.3,-0.2154,0.0308,False
配股_03395.hk_31/10/25,03395,吉星新能源,2025-10-31,新股,一般授權,NO_DEF,False,False,False,False,False,,NOT_TESTED,False,NOT_TESTED,NOT_TESTED,False,True,NOT_TESTED,0,1,0,0.3,-0.1148,0.0656,False
配股_03395.hk_13/10/25,03395,吉星新能源,2025-10-13,新股,一般授權,NO_DEF,False,False,False,False,False,,NOT_TESTED,False,NOT_TESTED,NOT_TESTED,False,True,NOT_TESTED,0,1,0,0.31,-0.2308,-0.0154,False
配股_03623.hk_01/09/26,03623,中國金融發展,2026-09-01,新股 - 代價發行,特別授權,NO_DEF,False,False,False,False,False,,NOT_TESTED,,NOT_TESTED,NOT_TESTED,False,,NOT_TESTED,0,1,0,0.5,,,
配股_03666.hk_16/02/26,03666,上海小南國,2026-02-16,新股,一般授權,AGENT_SOURCED,False,False,False,False,False,,NOT_TESTED,False,NOT_TESTED,NOT_TESTED,False,True,NOT_TESTED,0,1,0,0.028,0.0,0.0,False
配股_03669.hk_15/07/26,03669,永達汽車,2026-07-15,新股,一般授權,NO_DEF,False,False,False,False,False,,NOT_TESTED,False,NOT_TESTED,NOT_TESTED,False,False,NOT_TESTED,0,1,0,0.825,-0.1553,-0.1893,False
配股_03677.hk_17/10/25,03677,正力新能,2025-10-17,新股,一般授權,AGENT_SOURCED,False,False,False,False,False,,NOT_TESTED,False,NOT_TESTED,NOT_TESTED,False,False,NOT_TESTED,0,1,0,10.98,-0.1788,-0.229,False
配股_03680.hk_30/07/26,03680,瑞和數智,2026-07-30,新股,一般授權,AGENT_SOURCED,False,False,False,False,False,,NOT_TESTED,False,NOT_TESTED,NOT_TESTED,False,False,NOT_TESTED,0,1,0,2.03,0.0285,0.0329,False
配股_03680.hk_25/01/26,03680,瑞和數智,2026-01-25,新股,一般授權,AGENT_SOURCED,False,False,False,False,False,,NOT_TESTED,,NOT_TESTED,NOT_TESTED,False,,NOT_TESTED,0,1,0,0.91,0.1625,0.1775,False
配股_03700.hk_28/05/26,03700,映宇宙,2026-05-28,新股,一般授權,AGENT_SOURCED,False,False,False,False,False,,NOT_TESTED,,NOT_TESTED,NOT_TESTED,False,,NOT_TESTED,0,1,0,0.85,,,
配股_03708.hk_22/06/26,03708,世界數字經濟產業,2026-06-22,新股,一般授權,DIRECT_SUBSCRIPTION,False,False,False,False,False,,NOT_TESTED,False,NOT_TESTED,NOT_TESTED,False,True,NOT_TESTED,0,1,1,0.18,0.0476,0.0476,False
配股_03750.hk_28/04/26,03750,寧德時代,2026-04-28,新股,一般授權,AGENT_SOURCED,False,False,False,False,False,,NOT_TESTED,False,NOT_TESTED,NOT_TESTED,False,False,NOT_TESTED,0,1,0,628.2,0.0525,0.0326,False
配股_03759.hk_15/01/26,03759,康龍化成,2026-01-15,新股,一般授權,NO_DEF,False,False,False,False,False,,NOT_TESTED,False,NOT_TESTED,NOT_TESTED,False,False,NOT_TESTED,0,1,0,22.82,-0.2613,-0.2829,False
配股_03788.hk_22/01/26,03788,罕王黃金,2026-01-22,新股,一般授權,NO_DEF,False,False,False,False,False,,NOT_TESTED,False,NOT_TESTED,NOT_TESTED,False,False,NOT_TESTED,0,1,0,3.8,-0.097,-0.5188,False
配股_03899.hk_20/01/26,03899,中集安瑞科,2026-01-20,新股,一般授權,AGENT_SOURCED,False,False,False,False,False,,NOT_TESTED,False,NOT_TESTED,NOT_TESTED,False,False,NOT_TESTED,0,1,0,9.79,0.2002,-0.1411,False
配股_03919.hk_06/05/26,03919,金力集團,2026-05-06,新股,一般授權,DIRECT_SUBSCRIPTION,False,False,False,False,False,,NOT_TESTED,False,NOT_TESTED,NOT_TESTED,False,True,NOT_TESTED,0,1,1,1.2,-0.3929,0.0321,False
配股_03919.hk_06/08/26,03919,金力集團,2026-08-06,新股,一般授權,DIRECT_SUBSCRIPTION,False,False,False,False,False,,NOT_TESTED,False,NOT_TESTED,NOT_TESTED,False,True,NOT_TESTED,0,1,1,0.65,1.1898,1.1898,False
配股_03919.hk_24/10/25,03919,金力集團,2025-10-24,新股,一般授權,DIRECT_SUBSCRIPTION,False,False,False,False,False,,NOT_TESTED,False,NOT_TESTED,NOT_TESTED,False,True,NOT_TESTED,0,1,1,1.0,0.2,0.0783,False
配股_03928.hk_10/02/26,03928,中國新零售供應鏈,2026-02-10,新股,一般授權,AGENT_SOURCED,False,False,False,False,False,,NOT_TESTED,True,NOT_TESTED,NOT_TESTED,False,False,NOT_TESTED,0,1,0,8.88,0.4964,1.0853,False
配股_06030.hk_28/05/26,06030,中信証券,2026-05-28,新股,特別授權,NO_DEF,False,False,False,False,False,,NOT_TESTED,False,NOT_TESTED,NOT_TESTED,False,False,NOT_TESTED,0,1,0,21.35,0.0628,0.0772,False
配股_06082.hk_05/07/26,06082,壁仞科技,2026-07-05,新股,一般授權,AGENT_SOURCED,False,False,False,False,False,,NOT_TESTED,False,NOT_TESTED,NOT_TESTED,False,False,NOT_TESTED,0,1,0,46.2,-0.197,-0.3024,False
配股_06086.hk_27/01/26,06086,方舟健客,2026-01-27,先舊後新,一般授權,AGENT_SOURCED,False,False,False,False,False,,NOT_TESTED,,NOT_TESTED,NOT_TESTED,False,,NOT_TESTED,0,1,0,3.32,,,
配股_06108.hk_05/12/25,06108,新銳醫藥,2025-12-05,新股,一般授權,AGENT_SOURCED,False,False,False,False,False,,NOT_TESTED,False,NOT_TESTED,NOT_TESTED,False,True,NOT_TESTED,0,1,0,0.225,0.0204,-0.1714,False
供股_06128.hk_03/12/24,06128,烯石電車新材料,2024-12-03,供股,,UNKNOWN,False,False,False,False,False,,NOT_TESTED,,NOT_TESTED,NOT_TESTED,False,,NOT_TESTED,0,1,0,,0.0857,0.0524,False
配股_06162.hk_17/04/26,06162,天瑞汽車內飾,2026-04-17,新股,一般授權,AGENT_SOURCED,False,False,False,False,False,,NOT_TESTED,True,NOT_TESTED,NOT_TESTED,False,False,NOT_TESTED,0,1,0,0.138,0.7665,1.3952,False
配股_06166.hk_28/05/26,06166,劍橋科技,2026-05-28,新股,一般授權,AGENT_SOURCED,False,False,False,False,False,,NOT_TESTED,False,NOT_TESTED,NOT_TESTED,False,False,NOT_TESTED,0,1,0,126.66,-0.3359,-0.4432,False
配股_06181.hk_22/10/25,06181,老鋪黃金,2025-10-22,新股,一般授權,NO_DEF,False,False,False,False,False,,NOT_TESTED,False,NOT_TESTED,NOT_TESTED,False,False,NOT_TESTED,0,1,0,732.49,-0.0176,-0.0463,False
供股_06610.hk_15/07/26,06610,飛天雲動,2026-07-15,供股,,NO_DEF,False,False,False,False,False,,NOT_TESTED,,NOT_TESTED,NOT_TESTED,False,True,NOT_TESTED,0,1,0,,-0.0633,-0.0633,False
配股_06616.hk_30/11/25,06616,環球新材國際,2025-11-30,新股 - 代價發行,特別授權,NO_DEF,False,False,False,False,False,,NOT_TESTED,False,NOT_TESTED,NOT_TESTED,False,False,NOT_TESTED,0,1,0,8.01,-0.0842,-0.1111,False
配股_06651.hk_03/07/26,06651,五一視界,2026-07-03,新股,一般授權,NO_DEF,False,False,False,False,False,,NOT_TESTED,False,NOT_TESTED,NOT_TESTED,False,False,NOT_TESTED,0,1,0,73.2,-0.1799,-0.3575,False
配股_06681.hk_23/01/26,06681,腦動極光－Ｂ,2026-01-23,先舊後新,一般授權,AGENT_SOURCED,False,False,False,False,False,,NOT_TESTED,False,NOT_TESTED,NOT_TESTED,False,False,NOT_TESTED,0,1,0,5.6,-0.2332,-0.5941,False
配股_06682.hk_22/04/26,06682,範式智能,2026-04-22,新股,一般授權,AGENT_SOURCED,False,False,False,False,False,,NOT_TESTED,False,NOT_TESTED,NOT_TESTED,False,False,NOT_TESTED,0,1,0,40.36,-0.2763,-0.2283,False
配股_06683.hk_13/11/25,06683,巨星傳奇,2025-11-13,先舊後新,一般授權,AGENT_SOURCED,False,False,False,False,False,,NOT_TESTED,True,NOT_TESTED,NOT_TESTED,False,False,NOT_TESTED,0,1,0,7.2,-0.1611,-0.1542,False
配股_06693.hk_22/03/26,06693,赤峰黃金,2026-03-22,新股,特別授權,NO_DEF,False,False,False,False,False,,NOT_TESTED,,NOT_TESTED,NOT_TESTED,False,False,NOT_TESTED,0,1,0,29.82,0.4552,0.0593,False
供股_06696.hk_04/09/25,06696,多想雲,2025-09-04,供股,,UNKNOWN,False,False,False,False,False,,NOT_TESTED,,NOT_TESTED,NOT_TESTED,False,True,NOT_TESTED,0,1,0,,-0.0121,0.3737,False
供股_06829.hk_13/09/24,06829,龍昇集團控股,2024-09-13,供股,,UNKNOWN,False,False,False,False,False,,NOT_TESTED,,NOT_TESTED,NOT_TESTED,False,,NOT_TESTED,0,1,0,,-0.0842,-0.4632,False
配股_06869.hk_10/12/25,06869,長飛光纖光纜,2025-12-10,新股,一般授權,AGENT_SOURCED,False,False,False,False,False,,NOT_TESTED,False,NOT_TESTED,NOT_TESTED,False,False,NOT_TESTED,0,1,0,32.26,0.4964,4.4206,False
配股_06908.hk_02/12/25,06908,宏光半導體,2025-12-02,新股 - 代價發行,特別授權,UNKNOWN,False,False,False,False,False,,NOT_TESTED,,NOT_TESTED,NOT_TESTED,False,False,NOT_TESTED,0,1,0,,0.02,-0.12,False
供股_06908.hk_12/11/24,06908,宏光半導體,2024-11-12,供股,,NO_DEF,False,False,False,False,False,,NOT_TESTED,,NOT_TESTED,NOT_TESTED,False,,NOT_TESTED,0,1,0,,-0.03,0.1,False
配股_06922.hk_12/01/26,06922,康灃生物－Ｂ,2026-01-12,新股,一般授權,UNKNOWN,False,False,False,False,False,,NOT_TESTED,,NOT_TESTED,NOT_TESTED,False,,NOT_TESTED,0,1,0,,,,
供股_06928.hk_04/08/25,06928,萬馬控股,2025-08-04,供股,,UNKNOWN,False,False,False,False,False,,NOT_TESTED,,NOT_TESTED,NOT_TESTED,False,True,NOT_TESTED,0,1,0,,-0.4032,-0.366,False
配股_06928.hk_18/11/25,06928,萬馬控股,2025-11-18,新股,一般授權,DIRECT_SUBSCRIPTION,False,False,False,False,False,,NOT_TESTED,True,NOT_TESTED,NOT_TESTED,False,True,NOT_TESTED,0,1,1,0.1748,0.2143,-0.1619,False
配股_06939.hk_23/01/26,06939,美佳音控股,2026-01-23,新股,一般授權,UNKNOWN,False,False,False,False,False,,NOT_TESTED,,NOT_TESTED,NOT_TESTED,False,True,NOT_TESTED,0,1,0,,,,False
供股_06978.hk_19/09/25,06978,永泰生物－Ｂ,2025-09-19,供股,,UNKNOWN,False,False,False,False,False,,NOT_TESTED,,NOT_TESTED,NOT_TESTED,False,False,NOT_TESTED,0,1,0,,,,False
配股_06990.hk_08/07/26,06990,科倫博泰生物,2026-07-08,新股,一般授權,AGENT_SOURCED,False,False,False,False,False,,NOT_TESTED,False,NOT_TESTED,NOT_TESTED,False,False,NOT_TESTED,0,1,0,470.2,0.092,-0.0375,False
配股_08003.hk_22/06/26,08003,世大控股,2026-06-22,新股,一般授權,NO_DEF,False,False,False,False,False,,NOT_TESTED,False,NOT_TESTED,NOT_TESTED,False,True,NOT_TESTED,0,1,0,0.077,-0.0909,-0.0909,False
供股_08006.hk_25/06/25,08006,華泰瑞銀,2025-06-25,供股,,NO_DEF,False,False,False,False,False,,NOT_TESTED,,NOT_TESTED,NOT_TESTED,False,True,NOT_TESTED,0,1,0,,0.1905,0.3214,False
配股_08007.hk_02/04/26,08007,環球戰略集團,2026-04-02,新股,一般授權,AGENT_SOURCED,False,False,False,False,False,,NOT_TESTED,False,NOT_TESTED,NOT_TESTED,False,True,NOT_TESTED,0,1,0,0.22,0.6226,1.0755,False
供股_08007.hk_15/11/24,08007,環球戰略集團,2024-11-15,供股,,UNKNOWN,False,False,False,False,False,,NOT_TESTED,,NOT_TESTED,NOT_TESTED,False,,NOT_TESTED,0,1,0,,-0.0035,-0.1748,False
配股_08017.hk_11/11/25,08017,捷利交易寶,2025-11-11,新股,一般授權,AGENT_SOURCED,False,False,False,False,False,,NOT_TESTED,,NOT_TESTED,NOT_TESTED,False,,NOT_TESTED,0,1,0,1.33,,,
供股_08021.hk_06/02/26,08021,匯隆控股,2026-02-06,供股,,UNKNOWN,False,False,False,False,False,,NOT_TESTED,,NOT_TESTED,NOT_TESTED,False,True,NOT_TESTED,0,1,0,,0.0,-0.59,False
供股_08027.hk_13/07/26,08027,吉輝控股,2026-07-13,供股,,UNKNOWN,False,False,False,False,False,,NOT_TESTED,,NOT_TESTED,NOT_TESTED,False,True,NOT_TESTED,0,1,0,,0.1638,0.1638,False
供股_08028.hk_27/02/25,08028,天時資源,2025-02-27,供股,,UNKNOWN,False,False,False,False,False,,NOT_TESTED,,NOT_TESTED,NOT_TESTED,False,,NOT_TESTED,0,1,0,,0.1312,0.875,False
供股_08030.hk_26/04/24,08030,豐銀禾控股,2024-04-26,供股,,UNKNOWN,False,False,False,False,False,,NOT_TESTED,,NOT_TESTED,NOT_TESTED,False,,NOT_TESTED,0,1,0,,,,
配股_08031.hk_01/06/26,08031,易通訊集團,2026-06-01,新股,一般授權,AGENT_SOURCED,False,False,False,False,False,,NOT_TESTED,False,NOT_TESTED,NOT_TESTED,False,True,NOT_TESTED,0,1,0,0.298,0.3226,0.0968,False
供股_08057.hk_05/03/26,08057,麥迪森控股,2026-03-05,供股,,UNKNOWN,False,False,False,False,False,,NOT_TESTED,,NOT_TESTED,NOT_TESTED,False,True,NOT_TESTED,0,1,0,,-0.0065,-0.026,False
供股_08072.hk_22/07/24,08072,蘭谷股份,2024-07-22,供股,,UNKNOWN,False,False,False,False,False,,NOT_TESTED,,NOT_TESTED,NOT_TESTED,False,,NOT_TESTED,0,1,0,,-0.0781,-0.0781,False
配股_08079.hk_23/03/26,08079,曌生命,2026-03-23,新股 - 代價發行,一般授權,NO_DEF,False,False,False,False,False,,NOT_TESTED,False,NOT_TESTED,NOT_TESTED,False,True,NOT_TESTED,0,1,0,0.5,-0.1842,0.4298,False
配股_08079.hk_27/08/26,08079,曌生命,2026-08-27,新股,一般授權,DIRECT_SUBSCRIPTION,False,False,False,False,False,,NOT_TESTED,False,NOT_TESTED,NOT_TESTED,False,True,NOT_TESTED,0,1,1,0.71,-0.0083,-0.0083,False
供股_08087.hk_21/10/24,08087,中國三三集團,2024-10-21,供股,,UNKNOWN,False,False,False,False,False,,NOT_TESTED,,NOT_TESTED,NOT_TESTED,False,,NOT_TESTED,0,1,0,,0.8056,5.9444,False
供股_08096.hk_27/04/26,08096,賞之味,2026-04-27,供股,,UNKNOWN,False,False,False,False,False,,NOT_TESTED,,NOT_TESTED,NOT_TESTED,False,True,NOT_TESTED,0,1,0,,0.1111,-0.0648,False
配股_08106.hk_11/02/26,08106,芯化蘭德,2026-02-11,新股,一般授權,NO_DEF,False,False,False,False,False,,NOT_TESTED,False,NOT_TESTED,NOT_TESTED,False,True,NOT_TESTED,0,1,0,0.31,0.0161,-0.0323,False
供股_08113.hk_13/05/26,08113,時騰科技,2026-05-13,供股,,UNKNOWN,False,False,False,False,False,,NOT_TESTED,,NOT_TESTED,NOT_TESTED,False,True,NOT_TESTED,0,1,0,,-0.0268,-0.0268,False
供股_08113.hk_08/10/24,08113,時騰科技,2024-10-08,供股,,UNKNOWN,False,False,False,False,False,,NOT_TESTED,,NOT_TESTED,NOT_TESTED,False,,NOT_TESTED,0,1,0,,-0.0372,-0.0525,False
配股_08118.hk_11/09/26,08118,中資國際控股,2026-09-11,新股,一般授權,AGENT_SOURCED,False,False,False,False,False,,NOT_TESTED,,NOT_TESTED,NOT_TESTED,False,,NOT_TESTED,0,1,0,0.049,,,
配股_08120.hk_24/04/26,08120,國農金融投資,2026-04-24,新股,一般授權,AGENT_SOURCED,False,False,False,False,False,,NOT_TESTED,False,NOT_TESTED,NOT_TESTED,False,True,NOT_TESTED,0,1,0,0.6,2.3529,2.3015,False
供股_08120.hk_31/12/24,08120,國農金融投資,2024-12-31,供股,,UNKNOWN,False,False,False,False,False,,NOT_TESTED,,NOT_TESTED,NOT_TESTED,False,,NOT_TESTED,0,1,0,,0.0326,-0.1087,False
供股_08121.hk_10/07/26,08121,國恩控股,2026-07-10,供股,,UNKNOWN,False,False,False,False,False,,NOT_TESTED,,NOT_TESTED,NOT_TESTED,False,True,NOT_TESTED,0,1,0,,0.1579,0.1579,False
供股_08121.hk_21/02/24,08121,國恩控股,2024-02-21,供股,,UNKNOWN,False,False,False,False,False,,NOT_TESTED,,NOT_TESTED,NOT_TESTED,False,,NOT_TESTED,0,1,0,,0.1667,0.5833,False
配股_08123.hk_23/06/26,08123,華億金控,2026-06-23,新股,特別授權,UNKNOWN,False,False,False,False,False,,NOT_TESTED,,NOT_TESTED,NOT_TESTED,False,True,NOT_TESTED,0,1,0,,,,False
配股_08125.hk_23/07/26,08125,榮記萬通,2026-07-23,新股,一般授權,AGENT_SOURCED,False,False,False,False,False,,NOT_TESTED,False,NOT_TESTED,NOT_TESTED,False,True,NOT_TESTED,0,1,0,0.385,0.4607,0.3146,False
配股_08125.hk_23/04/26,08125,榮記萬通,2026-04-23,新股,一般授權,AGENT_SOURCED,False,False,False,False,False,,NOT_TESTED,False,NOT_TESTED,NOT_TESTED,False,True,NOT_TESTED,0,1,0,0.425,0.1321,0.2264,False
供股_08125.hk_13/12/24,08125,榮記萬通,2024-12-13,供股,,UNKNOWN,False,False,False,False,False,,NOT_TESTED,,NOT_TESTED,NOT_TESTED,False,,NOT_TESTED,0,1,0,,-0.1667,-0.0909,False
配股_08131.hk_10/06/26,08131,諾亞智能,2026-06-10,新股,一般授權,AGENT_SOURCED,False,False,False,False,False,,NOT_TESTED,False,NOT_TESTED,NOT_TESTED,False,True,NOT_TESTED,0,1,0,0.1,1.3832,1.243,False
供股_08133.hk_26/08/25,08133,吉盛集團控股,2025-08-26,供股,,UNKNOWN,False,False,False,False,False,,NOT_TESTED,,NOT_TESTED,NOT_TESTED,False,True,NOT_TESTED,0,1,0,,0.1714,0.1714,False
配股_08137.hk_29/06/26,08137,洪橋集團,2026-06-29,新股,特別授權,NO_DEF,False,False,False,False,False,,NOT_TESTED,False,NOT_TESTED,NOT_TESTED,False,False,NOT_TESTED,0,1,0,0.37,-0.225,-0.225,False
供股_08143.hk_14/03/25,08143,金威醫療,2025-03-14,供股,,UNKNOWN,False,False,False,False,False,,NOT_TESTED,,NOT_TESTED,NOT_TESTED,False,,NOT_TESTED,0,1,0,,1.194,1.6269,False
配股_08143.hk_10/03/26,08143,金威醫療,2026-03-10,新股,一般授權,DIRECT_SUBSCRIPTION,False,False,False,False,False,,NOT_TESTED,False,NOT_TESTED,NOT_TESTED,False,True,NOT_TESTED,0,2,2,0.086,0.1485,-0.3366,False
配股_08153.hk_26/03/26,08153,嘉鼎國際集團,2026-03-26,新股,一般授權,AGENT_SOURCED,False,False,False,False,False,,NOT_TESTED,False,NOT_TESTED,NOT_TESTED,False,True,NOT_TESTED,0,1,0,0.7,0.0843,-0.1265,False
供股_08153.hk_24/10/25,08153,嘉鼎國際集團,2025-10-24,供股,,UNKNOWN,False,False,False,False,False,,NOT_TESTED,,NOT_TESTED,NOT_TESTED,False,True,NOT_TESTED,0,1,0,,-0.0387,-0.0387,False
供股_08153.hk_28/06/24,08153,嘉鼎國際集團,2024-06-28,供股,,UNKNOWN,False,False,False,False,False,,NOT_TESTED,,NOT_TESTED,NOT_TESTED,False,,NOT_TESTED,0,1,0,,0.375,-0.4419,False
配股_08159.hk_02/10/25,08159,新華聯合投資,2025-10-02,新股,一般授權,DIRECT_SUBSCRIPTION,False,False,False,False,False,,NOT_TESTED,False,NOT_TESTED,NOT_TESTED,False,True,NOT_TESTED,0,2,2,0.08,-0.0842,-0.1053,False
配股_08160.hk_24/07/26,08160,GOLDWAY EDU,2026-07-24,新股,一般授權,NO_DEF,False,False,False,False,False,,NOT_TESTED,True,NOT_TESTED,NOT_TESTED,False,True,NOT_TESTED,0,1,0,0.395,0.1064,0.0532,False
配股_08160.hk_30/09/25,08160,GOLDWAY EDU,2025-09-30,新股 - 代價發行,特別授權,UNKNOWN,False,False,False,False,False,,NOT_TESTED,,NOT_TESTED,NOT_TESTED,False,True,NOT_TESTED,0,1,0,,0.0448,0.6119,False
供股_08160.hk_30/04/24,08160,GOLDWAY EDU,2024-04-30,供股,,UNKNOWN,False,False,False,False,False,,NOT_TESTED,,NOT_TESTED,NOT_TESTED,False,,NOT_TESTED,0,1,0,,-0.0328,0.4918,False
配股_08168.hk_13/03/26,08168,寶積資本,2026-03-13,新股,一般授權,AGENT_SOURCED,False,False,False,False,False,,NOT_TESTED,False,NOT_TESTED,NOT_TESTED,False,False,NOT_TESTED,0,1,0,0.114,-0.0876,-0.4599,False
配股_08178.hk_19/11/25,08178,中國信息科技,2025-11-19,新股,一般授權,AGENT_SOURCED,False,False,False,False,False,,NOT_TESTED,False,NOT_TESTED,NOT_TESTED,False,True,NOT_TESTED,0,1,0,0.28,-0.1786,-0.2143,False
供股_08178.hk_21/04/26,08178,中國信息科技,2026-04-21,供股,,UNKNOWN,False,False,False,False,False,,NOT_TESTED,,NOT_TESTED,NOT_TESTED,False,True,NOT_TESTED,0,1,0,,-0.0548,-0.1918,False
供股_08178.hk_13/08/25,08178,中國信息科技,2025-08-13,認購,一般授權,NO_DEF,False,False,False,False,False,,NOT_TESTED,,NOT_TESTED,NOT_TESTED,False,True,NOT_TESTED,0,1,0,,0.0006,-0.8695,False
供股_08179.hk_14/08/26,08179,百利達集團控股,2026-08-14,供股,,UNKNOWN,False,False,False,False,False,,NOT_TESTED,,NOT_TESTED,NOT_TESTED,False,,NOT_TESTED,0,1,0,,,,
供股_08179.hk_04/10/24,08179,百利達集團控股,2024-10-04,供股,,UNKNOWN,False,False,False,False,False,,NOT_TESTED,,NOT_TESTED,NOT_TESTED,False,,NOT_TESTED,0,1,0,,-0.0526,-0.3684,False
供股_08191.hk_17/04/26,08191,鴻偉亞洲,2026-04-17,供股,,UNKNOWN,False,False,False,False,False,,NOT_TESTED,,NOT_TESTED,NOT_TESTED,False,True,NOT_TESTED,0,1,0,,0.2815,-0.2667,False
配股_08191.hk_29/12/25,08191,鴻偉亞洲,2025-12-29,新股,一般授權,DIRECT_SUBSCRIPTION,False,False,False,False,False,,NOT_TESTED,False,NOT_TESTED,NOT_TESTED,False,True,NOT_TESTED,0,4,4,0.12,-0.0148,0.0519,False
供股_08193.hk_14/08/26,08193,亞太金融投資,2026-08-14,供股,,UNKNOWN,False,False,False,False,False,,NOT_TESTED,,NOT_TESTED,NOT_TESTED,False,,NOT_TESTED,0,1,0,,,,
配股_08196.hk_19/05/26,08196,福田股份,2026-05-19,新股,一般授權,AGENT_SOURCED,False,False,False,False,False,,NOT_TESTED,,NOT_TESTED,NOT_TESTED,False,,NOT_TESTED,0,1,0,0.85,,,
配股_08196.hk_10/12/25,08196,福田股份,2025-12-10,新股,一般授權,AGENT_SOURCED,False,False,False,False,False,,NOT_TESTED,,NOT_TESTED,NOT_TESTED,False,,NOT_TESTED,0,1,0,0.6,,,
供股_08196.hk_16/05/24,08196,福田股份,2024-05-16,供股,,UNKNOWN,False,False,False,False,False,,NOT_TESTED,,NOT_TESTED,NOT_TESTED,False,,NOT_TESTED,0,1,0,,,,
配股_08198.hk_31/07/26,08198,加幂科技,2026-07-31,新股,一般授權,AGENT_SOURCED,False,False,False,False,False,,NOT_TESTED,False,NOT_TESTED,NOT_TESTED,False,False,NOT_TESTED,0,1,0,1.5,-0.3482,-0.4226,False
配股_08206.hk_31/08/26,08206,神通機器人教育,2026-08-31,新股,特別授權,DIRECT_SUBSCRIPTION,False,False,False,False,False,,NOT_TESTED,,NOT_TESTED,NOT_TESTED,False,,NOT_TESTED,0,1,1,3.75,,,
配股_08208.hk_08/09/26,08208,永通萬國集團,2026-09-08,新股,特別授權,DIRECT_SUBSCRIPTION,False,False,False,False,False,,NOT_TESTED,,NOT_TESTED,NOT_TESTED,False,,NOT_TESTED,0,2,2,0.125,,,
供股_08219.hk_27/06/24,08219,恆偉集團控股,2024-06-27,供股,,UNKNOWN,False,False,False,False,False,,NOT_TESTED,,NOT_TESTED,NOT_TESTED,False,,NOT_TESTED,0,1,0,,0.0,-0.0474,False
配股_08223.hk_09/03/26,08223,紫元元,2026-03-09,新股,一般授權,AGENT_SOURCED,False,False,False,False,False,,NOT_TESTED,False,NOT_TESTED,NOT_TESTED,False,True,NOT_TESTED,0,1,0,0.5,-0.1273,-0.5509,False
供股_08223.hk_14/08/24,08223,紫元元,2024-08-14,供股,,UNKNOWN,False,False,False,False,False,,NOT_TESTED,,NOT_TESTED,NOT_TESTED,False,,NOT_TESTED,0,1,0,,-0.0341,-0.3125,False
配股_08238.hk_15/10/25,08238,玖方數智,2025-10-15,新股,一般授權,NO_DEF,False,False,False,False,False,,NOT_TESTED,False,NOT_TESTED,NOT_TESTED,False,True,NOT_TESTED,0,1,0,0.34,-0.1641,0.3086,False
供股_08238.hk_07/11/25,08238,玖方數智,2025-11-07,配售,一般授權,NO_DEF,False,False,False,False,False,,NOT_TESTED,,NOT_TESTED,NOT_TESTED,False,True,NOT_TESTED,0,1,0,,0.0345,-0.3202,False
配股_08239.hk_03/07/26,08239,首都金融控股,2026-07-03,新股,一般授權,NO_DEF,False,False,False,False,False,,NOT_TESTED,True,NOT_TESTED,NOT_TESTED,False,True,NOT_TESTED,0,1,0,16.1,0.032,0.081,False
配股_08245.hk_28/08/26,08245,烽翼集團,2026-08-28,新股,一般授權,AGENT_SOURCED,False,False,False,False,False,,NOT_TESTED,False,NOT_TESTED,NOT_TESTED,False,True,NOT_TESTED,0,1,0,0.12,0.1615,0.1615,False
配股_08245.hk_20/03/26,08245,烽翼集團,2026-03-20,新股,一般授權,AGENT_SOURCED,False,False,False,False,False,,NOT_TESTED,False,NOT_TESTED,NOT_TESTED,False,True,NOT_TESTED,0,1,0,0.083,-0.1881,0.1683,False
配股_08246.hk_02/04/26,08246,中華燃氣,2026-04-02,新股 - 代價發行,特別授權,NO_DEF,False,False,False,False,False,,NOT_TESTED,False,NOT_TESTED,NOT_TESTED,False,True,NOT_TESTED,0,1,0,0.88,-0.0241,-0.2289,False
配股_08246.hk_20/10/25,08246,中華燃氣,2025-10-20,新股,特別授權,UNKNOWN,False,False,False,False,False,,NOT_TESTED,,NOT_TESTED,NOT_TESTED,False,True,NOT_TESTED,0,1,0,,-0.1111,0.1528,False
配股_08246.hk_05/10/25,08246,中華燃氣,2025-10-05,新股,一般授權,DIRECT_SUBSCRIPTION,False,False,False,False,False,,NOT_TESTED,False,NOT_TESTED,NOT_TESTED,False,True,NOT_TESTED,0,1,1,0.075,-0.4937,-0.4684,False
配股_08247.hk_05/08/26,08247,中生北控生物科技,2026-08-05,新股 - 代價發行,一般授權,NO_DEF,False,False,False,False,False,,NOT_TESTED,False,NOT_TESTED,NOT_TESTED,False,True,NOT_TESTED,0,1,0,3.2,-0.0125,-0.0062,False
配股_08268.hk_23/02/26,08268,智城發展控股,2026-02-23,新股,一般授權,AGENT_SOURCED,False,False,False,False,False,,NOT_TESTED,False,NOT_TESTED,NOT_TESTED,False,True,NOT_TESTED,0,1,0,0.3,0.1385,-0.4154,False
配股_08275.hk_24/11/25,08275,中國新消費集團,2025-11-24,新股,一般授權,AGENT_SOURCED,False,False,False,False,False,,NOT_TESTED,False,NOT_TESTED,NOT_TESTED,False,True,NOT_TESTED,0,1,0,0.1,0.1143,-0.0381,False
供股_08275.hk_04/09/24,08275,中國新消費集團,2024-09-04,供股,,UNKNOWN,False,False,False,False,False,,NOT_TESTED,,NOT_TESTED,NOT_TESTED,False,,NOT_TESTED,0,1,0,,-0.1011,-0.3146,False
供股_08282.hk_22/09/25,08282,智傲控股,2025-09-22,供股,,UNKNOWN,False,False,False,False,False,,NOT_TESTED,,NOT_TESTED,NOT_TESTED,False,True,NOT_TESTED,0,1,0,,0.2648,-0.0556,False
供股_08283.hk_04/11/25,08283,中食民安,2025-11-04,供股,,UNKNOWN,False,False,False,False,False,,NOT_TESTED,,NOT_TESTED,NOT_TESTED,False,True,NOT_TESTED,0,1,0,,0.0109,0.9293,False
供股_08291.hk_09/07/26,08291,港娛國際,2026-07-09,供股,,UNKNOWN,False,False,False,False,False,,NOT_TESTED,,NOT_TESTED,NOT_TESTED,False,True,NOT_TESTED,0,1,0,,0.2381,0.2381,False
配股_08292.hk_01/12/25,08292,VSING,2025-12-01,新股,一般授權,AGENT_SOURCED,False,False,False,False,False,,NOT_TESTED,False,NOT_TESTED,NOT_TESTED,False,False,NOT_TESTED,0,1,0,0.4,-0.1839,-0.5747,False
配股_08297.hk_18/09/26,08297,海納星空科技,2026-09-18,新股,一般授權,DIRECT_SUBSCRIPTION,False,False,False,False,False,,NOT_TESTED,,NOT_TESTED,NOT_TESTED,False,,NOT_TESTED,0,1,1,0.041,,,
配股_08299.hk_19/05/26,08299,大唐黃金,2026-05-19,新股,一般授權,AGENT_SOURCED,False,False,False,False,False,,NOT_TESTED,,NOT_TESTED,NOT_TESTED,False,,NOT_TESTED,0,1,0,0.4275,,,
配股_08299.hk_30/03/26,08299,大唐黃金,2026-03-30,新股 - 代價發行,一般授權,UNKNOWN,False,False,False,False,False,,NOT_TESTED,,NOT_TESTED,NOT_TESTED,False,,NOT_TESTED,0,1,0,,,,
配股_08320.hk_22/04/26,08320,沛然環保,2026-04-22,新股,一般授權,AGENT_SOURCED,False,False,False,False,False,,NOT_TESTED,False,NOT_TESTED,NOT_TESTED,False,True,NOT_TESTED,0,1,0,0.1,-0.219,0.0952,False
配股_08321.hk_10/11/25,08321,泰錦控股,2025-11-10,新股,特別授權,DIRECT_SUBSCRIPTION,False,False,False,False,False,,NOT_TESTED,False,NOT_TESTED,NOT_TESTED,False,True,NOT_TESTED,0,1,1,0.2,0.3387,1.3871,False
供股_08326.hk_02/07/24,08326,同景新能源,2024-07-02,供股,,UNKNOWN,False,False,False,False,False,,NOT_TESTED,,NOT_TESTED,NOT_TESTED,False,,NOT_TESTED,0,1,0,,-0.0245,-0.0675,False
配股_08340.hk_06/07/26,08340,紫荊國際金融,2026-07-06,新股,一般授權,NO_DEF,False,False,False,False,False,,NOT_TESTED,False,NOT_TESTED,NOT_TESTED,False,True,NOT_TESTED,0,1,0,0.43,0.11,0.75,False
供股_08340.hk_25/03/24,08340,紫荊國際金融,2024-03-25,供股,,UNKNOWN,False,False,False,False,False,,NOT_TESTED,,NOT_TESTED,NOT_TESTED,False,,NOT_TESTED,0,1,0,,0.9095,5.0302,False
供股_08341.hk_04/09/25,08341,艾碩控股,2025-09-04,供股,,UNKNOWN,False,False,False,False,False,,NOT_TESTED,,NOT_TESTED,NOT_TESTED,False,True,NOT_TESTED,0,1,0,,0.0,0.8537,False
配股_08365.hk_17/07/26,08365,亦辰集團,2026-07-17,新股 - 代價發行,一般授權,NO_DEF,False,False,False,False,False,,NOT_TESTED,False,NOT_TESTED,NOT_TESTED,False,False,NOT_TESTED,0,1,0,1.0,-0.3137,-0.1618,False
配股_08365.hk_04/03/26,08365,亦辰集團,2026-03-04,新股 - 代價發行,一般授權,NO_DEF,False,False,False,False,False,,NOT_TESTED,False,NOT_TESTED,NOT_TESTED,False,False,NOT_TESTED,0,1,0,0.01,0.2099,-0.5802,False
配股_08365.hk_04/11/25,08365,亦辰集團,2025-11-04,新股,一般授權,AGENT_SOURCED,False,False,False,False,False,,NOT_TESTED,False,NOT_TESTED,NOT_TESTED,False,False,NOT_TESTED,0,1,0,1.65,0.3763,0.2849,False
供股_08365.hk_23/09/24,08365,亦辰集團,2024-09-23,認購,特別授權,DIRECT_SUBSCRIPTION,False,False,False,False,False,,NOT_TESTED,,NOT_TESTED,NOT_TESTED,False,,NOT_TESTED,0,1,1,0.25,-0.2857,3.4857,False
配股_08365.hk_14/09/26,08365,亦辰集團,2026-09-14,新股 - 代價發行,一般授權,NO_DEF,False,False,False,False,False,,NOT_TESTED,False,NOT_TESTED,NOT_TESTED,False,False,NOT_TESTED,0,1,0,0.78,0.1032,0.1032,False
供股_08366.hk_29/07/26,08366,浙江聯合投資,2026-07-29,供股,,UNKNOWN,False,False,False,False,False,,NOT_TESTED,,NOT_TESTED,NOT_TESTED,False,True,NOT_TESTED,0,1,0,,0.0,0.0,False
配股_08367.hk_08/07/26,08367,倩碧控股,2026-07-08,新股,一般授權,NO_DEF,False,False,False,False,False,,NOT_TESTED,False,NOT_TESTED,NOT_TESTED,False,True,NOT_TESTED,0,1,0,0.151,0.1189,0.0486,False
配股_08368.hk_09/07/26,08368,中國創意控股,2026-07-09,新股 - 代價發行,一般授權,NO_DEF,False,False,False,False,False,,NOT_TESTED,False,NOT_TESTED,NOT_TESTED,False,True,NOT_TESTED,0,1,0,0.22,0.3182,0.0909,False
配股_08373.hk_30/07/26,08373,靛藍星,2026-07-30,新股,特別授權,NO_DEF,False,False,False,False,False,,NOT_TESTED,False,NOT_TESTED,NOT_TESTED,False,True,NOT_TESTED,0,1,0,0.6502,0.3333,0.3623,False
配股_08373.hk_27/07/26,08373,靛藍星,2026-07-27,新股,特別授權,NO_DEF,False,False,False,False,False,,NOT_TESTED,False,NOT_TESTED,NOT_TESTED,False,True,NOT_TESTED,0,1,0,0.6502,0.2958,0.3239,False
配股_08375.hk_29/12/25,08375,數盟資本,2025-12-29,新股,一般授權,AGENT_SOURCED,False,False,False,False,False,,NOT_TESTED,False,NOT_TESTED,NOT_TESTED,False,True,NOT_TESTED,0,1,0,0.99,0.9106,0.5691,False
配股_08377.hk_13/07/26,08377,維港育馬,2026-07-13,新股,一般授權,AGENT_SOURCED,False,False,False,False,False,,NOT_TESTED,False,NOT_TESTED,NOT_TESTED,False,True,NOT_TESTED,0,1,0,0.08,0.3085,0.9787,False
配股_08391.hk_02/10/25,08391,基石科技控股,2025-10-02,新股,一般授權,AGENT_SOURCED,False,False,False,False,False,,NOT_TESTED,,NOT_TESTED,NOT_TESTED,False,,NOT_TESTED,0,1,0,0.57,,,
配股_08391.hk_06/11/25,08391,基石科技控股,2025-11-06,新股,一般授權,DIRECT_SUBSCRIPTION,False,False,False,False,False,,NOT_TESTED,,NOT_TESTED,NOT_TESTED,False,,NOT_TESTED,0,1,1,0.57,,,
配股_08395.hk_21/05/26,08395,中顯智能齊家控股,2026-05-21,新股 - 代價發行,一般授權,AGENT_SOURCED,False,False,False,False,False,,NOT_TESTED,True,NOT_TESTED,NOT_TESTED,False,True,NOT_TESTED,0,1,0,0.8,0.075,0.0083,False
配股_08401.hk_15/07/26,08401,華夏水務集團,2026-07-15,新股,一般授權,AGENT_SOURCED,False,False,False,False,False,,NOT_TESTED,True,NOT_TESTED,NOT_TESTED,False,True,NOT_TESTED,0,1,0,0.026,-0.0312,0.0312,False
供股_08401.hk_07/02/25,08401,華夏水務集團,2025-02-07,供股,,UNKNOWN,False,False,False,False,False,,NOT_TESTED,,NOT_TESTED,NOT_TESTED,False,,NOT_TESTED,0,1,0,,-0.2661,0.0092,False
配股_08403.hk_10/04/26,08403,德豐宿來,2026-04-10,新股,一般授權,AGENT_SOURCED,False,False,False,False,False,,NOT_TESTED,True,NOT_TESTED,NOT_TESTED,False,False,NOT_TESTED,0,1,0,2.4,0.0973,0.0403,False
配股_08406.hk_27/07/26,08406,中國口腔產業,2026-07-27,新股,一般授權,AGENT_SOURCED,False,False,False,False,False,,NOT_TESTED,False,NOT_TESTED,NOT_TESTED,False,True,NOT_TESTED,0,1,0,0.056,0.3651,0.3175,False
配股_08406.hk_16/03/26,08406,中國口腔產業,2026-03-16,新股 - 代價發行,一般授權,NO_DEF,False,False,False,False,False,,NOT_TESTED,False,NOT_TESTED,NOT_TESTED,False,True,NOT_TESTED,0,1,0,0.079,-0.209,0.0746,False
配股_08412.hk_30/07/26,08412,新愛德集團,2026-07-30,新股,一般授權,DIRECT_SUBSCRIPTION,False,False,False,False,False,,NOT_TESTED,False,NOT_TESTED,NOT_TESTED,False,True,NOT_TESTED,0,1,1,0.245,0.0189,0.0,False
供股_08422.hk_20/03/26,08422,ＷＴ集團,2026-03-20,供股,,UNKNOWN,False,False,False,False,False,,NOT_TESTED,,NOT_TESTED,NOT_TESTED,False,True,NOT_TESTED,0,1,0,,0.0962,0.0192,False
供股_08426.hk_30/07/24,08426,雅居投資控股,2024-07-30,配售,,AGENT_SOURCED,False,False,False,False,False,,NOT_TESTED,,NOT_TESTED,NOT_TESTED,False,,NOT_TESTED,0,1,0,0.3,0.0136,0.1773,False
配股_08427.hk_03/12/25,08427,萬順瑞強集團,2025-12-03,新股,一般授權,DIRECT_SUBSCRIPTION,False,False,False,False,False,,NOT_TESTED,,NOT_TESTED,NOT_TESTED,False,,NOT_TESTED,0,1,1,19.93,,,
配股_08431.hk_25/03/26,08431,浩柏國際,2026-03-25,新股,一般授權,AGENT_SOURCED,False,False,False,False,False,,NOT_TESTED,False,NOT_TESTED,NOT_TESTED,False,True,NOT_TESTED,0,1,0,0.38,1.325,2.45,False
供股_08431.hk_09/10/25,08431,浩柏國際,2025-10-09,供股,,UNKNOWN,False,False,False,False,False,,NOT_TESTED,,NOT_TESTED,NOT_TESTED,False,True,NOT_TESTED,0,1,0,,0.0864,0.7727,False
配股_08445.hk_09/09/26,08445,怡康泰工程集團,2026-09-09,新股,一般授權,AGENT_SOURCED,False,False,False,False,False,,NOT_TESTED,,NOT_TESTED,NOT_TESTED,False,,NOT_TESTED,0,1,0,0.18,,,
供股_08456.hk_20/12/24,08456,民信國際控股,2024-12-20,供股,,UNKNOWN,False,False,False,False,False,,NOT_TESTED,,NOT_TESTED,NOT_TESTED,False,,NOT_TESTED,0,1,0,,-0.0099,0.3487,False
配股_08460.hk_09/12/25,08460,基地錦標集團,2025-12-09,新股,一般授權,AGENT_SOURCED,False,False,False,False,False,,NOT_TESTED,True,NOT_TESTED,NOT_TESTED,False,True,NOT_TESTED,0,1,0,0.437,3.1481,2.4074,False
配股_08460.hk_28/10/25,08460,基地錦標集團,2025-10-28,新股,一般授權,NO_DEF,False,False,False,False,False,,NOT_TESTED,False,NOT_TESTED,NOT_TESTED,False,True,NOT_TESTED,0,1,0,0.14,0.2043,2.0323,False
供股_08460.hk_23/02/24,08460,基地錦標集團,2024-02-23,供股,,UNKNOWN,False,False,False,False,False,,NOT_TESTED,,NOT_TESTED,NOT_TESTED,False,,NOT_TESTED,0,1,0,,-0.3523,-0.2727,False
配股_08471.hk_05/05/26,08471,新達控股,2026-05-05,新股,一般授權,AGENT_SOURCED,False,False,False,False,False,,NOT_TESTED,False,NOT_TESTED,NOT_TESTED,False,True,NOT_TESTED,0,1,0,0.02,-0.0417,-0.3854,False
配股_08482.hk_21/10/25,08482,萬勵達,2025-10-21,新股,一般授權,AGENT_SOURCED,False,False,False,False,False,,NOT_TESTED,False,NOT_TESTED,NOT_TESTED,False,True,NOT_TESTED,0,1,0,0.103,0.2195,0.2358,False
配股_08482.hk_16/07/26,08482,萬勵達,2026-07-16,新股,特別授權,DIRECT_SUBSCRIPTION,False,False,False,False,False,,NOT_TESTED,False,NOT_TESTED,NOT_TESTED,False,True,NOT_TESTED,0,1,1,0.104,0.2596,0.4904,False
配股_08489.hk_30/12/25,08489,裕程物流,2025-12-30,新股,一般授權,AGENT_SOURCED,False,False,False,False,False,,NOT_TESTED,False,NOT_TESTED,NOT_TESTED,False,True,NOT_TESTED,0,1,0,0.265,0.3182,-0.1667,False
供股_08500.hk_29/05/24,08500,天泓文創,2024-05-29,供股,,UNKNOWN,False,False,False,False,False,,NOT_TESTED,,NOT_TESTED,NOT_TESTED,False,,NOT_TESTED,0,1,0,,0.2817,-0.1408,False
供股_08507.hk_19/03/26,08507,愛世紀集團,2026-03-19,供股,,UNKNOWN,False,False,False,False,False,,NOT_TESTED,,NOT_TESTED,NOT_TESTED,False,True,NOT_TESTED,0,1,0,,2.5517,4.4138,False
配股_08510.hk_01/06/26,08510,TOPSTANDARDCORP,2026-06-01,新股,特別授權,DIRECT_SUBSCRIPTION,False,False,False,False,False,,NOT_TESTED,True,NOT_TESTED,NOT_TESTED,False,True,NOT_TESTED,0,1,1,0.16,0.0,-0.15,False
配股_08510.hk_05/12/25,08510,TOPSTANDARDCORP,2025-12-05,新股,一般授權,DIRECT_SUBSCRIPTION,False,False,False,False,False,,NOT_TESTED,False,NOT_TESTED,NOT_TESTED,False,True,NOT_TESTED,0,1,1,0.1,0.3814,0.3559,False
配股_08510.hk_21/10/25,08510,TOPSTANDARDCORP,2025-10-21,新股,一般授權,DIRECT_SUBSCRIPTION,False,False,False,False,False,,NOT_TESTED,False,NOT_TESTED,NOT_TESTED,False,True,NOT_TESTED,0,1,1,0.1,0.25,0.56,False
配股_08511.hk_23/03/26,08511,民富國際,2026-03-23,新股,一般授權,AGENT_SOURCED,False,False,False,False,False,,NOT_TESTED,False,NOT_TESTED,NOT_TESTED,False,True,NOT_TESTED,0,1,0,0.81,0.0494,-0.1235,False
供股_08516.hk_23/05/25,08516,中盈國際,2025-05-23,供股,,UNKNOWN,False,False,False,False,False,,NOT_TESTED,,NOT_TESTED,NOT_TESTED,False,True,NOT_TESTED,0,1,0,,-0.0628,0.2212,False
供股_08537.hk_25/06/24,08537,創輝珠寶,2024-06-25,供股,,UNKNOWN,False,False,False,False,False,,NOT_TESTED,,NOT_TESTED,NOT_TESTED,False,,NOT_TESTED,0,1,0,,0.1752,0.4088,False
配股_08540.hk_11/09/26,08540,勝利證券,2026-09-11,新股,一般授權,AGENT_SOURCED,False,False,False,False,False,,NOT_TESTED,,NOT_TESTED,NOT_TESTED,False,,NOT_TESTED,0,1,0,4.25,,,
配股_08547.hk_10/12/25,08547,PACIFIC LEGEND,2025-12-10,新股,一般授權,AGENT_SOURCED,False,False,False,False,False,,NOT_TESTED,False,NOT_TESTED,NOT_TESTED,False,False,NOT_TESTED,0,1,0,0.118,-0.3577,0.1789,False
供股_08547.hk_27/01/26,08547,PACIFIC LEGEND,2026-01-27,供股,,UNKNOWN,False,False,False,False,False,,NOT_TESTED,,NOT_TESTED,NOT_TESTED,False,False,NOT_TESTED,0,1,0,,0.075,0.6375,False
供股_08547.hk_19/03/25,08547,PACIFIC LEGEND,2025-03-19,供股,,UNKNOWN,False,False,False,False,False,,NOT_TESTED,,NOT_TESTED,NOT_TESTED,False,,NOT_TESTED,0,1,0,,-0.0204,1.6531,False
配股_08547.hk_14/11/25,08547,PACIFIC LEGEND,2025-11-14,新股,一般授權,DIRECT_SUBSCRIPTION,False,False,False,False,False,,NOT_TESTED,False,NOT_TESTED,NOT_TESTED,False,False,NOT_TESTED,0,1,1,0.17,-0.74,-0.585,False
配股_08547.hk_18/11/25,08547,PACIFIC LEGEND,2025-11-18,新股,一般授權,DIRECT_SUBSCRIPTION,False,False,False,False,True,ESTIMATED pct命中(候選),NOT_TESTED,False,NOT_TESTED,NOT_TESTED,False,False,NOT_TESTED,0,1,1,0.17,-0.699,-0.5816,False
配股_08547.hk_19/08/26,08547,PACIFIC LEGEND,2026-08-19,新股,特別授權,DIRECT_SUBSCRIPTION,False,False,False,False,False,,NOT_TESTED,False,NOT_TESTED,NOT_TESTED,False,False,NOT_TESTED,0,1,1,0.138,-0.1771,-0.1771,False
配股_08603.hk_19/11/25,08603,亮晴控股,2025-11-19,新股,一般授權,UNKNOWN,False,False,False,False,False,,NOT_TESTED,,NOT_TESTED,NOT_TESTED,False,True,NOT_TESTED,0,1,0,,0.9371,0.9528,False
供股_08611.hk_16/02/26,08611,九福來,2026-02-16,供股,,UNKNOWN,False,False,False,False,False,,NOT_TESTED,,NOT_TESTED,NOT_TESTED,False,False,NOT_TESTED,0,1,0,,-0.0621,-0.1988,False
供股_08611.hk_23/12/25,08611,九福來,2025-12-23,供股,,UNKNOWN,False,False,False,False,False,,NOT_TESTED,,NOT_TESTED,NOT_TESTED,False,False,NOT_TESTED,0,1,0,,-0.5132,-0.5502,False
供股_08612.hk_17/10/25,08612,維亮控股,2025-10-17,供股,,UNKNOWN,False,False,False,False,False,,NOT_TESTED,,NOT_TESTED,NOT_TESTED,False,True,NOT_TESTED,0,1,0,,0.0632,0.5684,False
供股_08619.hk_11/02/26,08619,NIU HOLDINGS,2026-02-11,供股,,UNKNOWN,False,False,False,False,False,,NOT_TESTED,,NOT_TESTED,NOT_TESTED,False,True,NOT_TESTED,0,1,0,,0.24,0.08,False
配股_08620.hk_25/06/26,08620,亞洲速運,2026-06-25,新股,一般授權,NO_DEF,False,False,False,False,False,,NOT_TESTED,True,NOT_TESTED,NOT_TESTED,False,True,NOT_TESTED,0,1,0,0.084,0.3592,0.3592,False
配股_08623.hk_21/10/25,08623,中國蜀塔,2025-10-21,新股,一般授權,AGENT_SOURCED,False,False,False,False,False,,NOT_TESTED,True,NOT_TESTED,NOT_TESTED,False,True,NOT_TESTED,0,1,0,0.105,0.4031,0.1628,False
供股_08623.hk_14/02/25,08623,中國蜀塔,2025-02-14,供股,,UNKNOWN,False,False,False,False,False,,NOT_TESTED,,NOT_TESTED,NOT_TESTED,False,,NOT_TESTED,0,1,0,,-0.0942,-0.0217,False
配股_08631.hk_16/01/26,08631,申港控股,2026-01-16,新股,一般授權,AGENT_SOURCED,False,False,False,False,False,,NOT_TESTED,True,NOT_TESTED,NOT_TESTED,False,True,NOT_TESTED,0,1,0,0.39,0.8298,-0.0106,False
配股_08635.hk_31/07/26,08635,大象控股集團,2026-07-31,新股,一般授權,AGENT_SOURCED,False,False,False,False,False,,NOT_TESTED,False,NOT_TESTED,NOT_TESTED,False,True,NOT_TESTED,0,1,0,0.19,0.7035,0.8142,False
配股_08646.hk_21/01/26,08646,中國宏光,2026-01-21,新股,一般授權,AGENT_SOURCED,False,False,False,False,False,,NOT_TESTED,False,NOT_TESTED,NOT_TESTED,False,True,NOT_TESTED,0,1,0,0.15,0.2191,0.4045,False
配股_08659.hk_24/12/25,08659,易和國際控股,2025-12-24,新股,一般授權,AGENT_SOURCED,False,False,False,False,False,,NOT_TESTED,False,NOT_TESTED,NOT_TESTED,False,True,NOT_TESTED,0,1,0,0.12,-0.0137,-0.0616,False
配股_09600.hk_04/02/26,09600,新紐科技,2026-02-04,新股,一般授權,DIRECT_SUBSCRIPTION,False,False,False,False,False,,NOT_TESTED,False,NOT_TESTED,NOT_TESTED,False,True,NOT_TESTED,0,1,1,0.3,-0.0099,-0.3218,False
配股_09677.hk_14/06/26,09677,威海銀行,2026-06-14,新股,特別授權,NO_DEF,False,False,False,False,False,,NOT_TESTED,False,NOT_TESTED,NOT_TESTED,False,True,NOT_TESTED,0,1,0,2.86,0.0018,0.0128,False
配股_09677.hk_21/12/25,09677,威海銀行,2025-12-21,新股,特別授權,NO_DEF,False,False,False,False,False,,NOT_TESTED,False,NOT_TESTED,NOT_TESTED,False,True,NOT_TESTED,0,1,0,3.61,-0.3884,-0.1124,False
配股_09678.hk_28/05/26,09678,雲知聲,2026-05-28,新股,一般授權,NO_DEF,False,False,False,False,False,,NOT_TESTED,True,NOT_TESTED,NOT_TESTED,False,False,NOT_TESTED,0,1,0,228.0,-0.7502,-0.7226,False
配股_09678.hk_03/02/26,09678,雲知聲,2026-02-03,新股,一般授權,NO_DEF,False,False,False,False,False,,NOT_TESTED,False,NOT_TESTED,NOT_TESTED,False,False,NOT_TESTED,0,1,0,310.0,-0.2073,-0.525,False
配股_09678.hk_16/01/26,09678,雲知聲,2026-01-16,新股,一般授權,NO_DEF,False,False,False,False,False,,NOT_TESTED,False,NOT_TESTED,NOT_TESTED,False,False,NOT_TESTED,0,1,0,252.0,0.0842,-0.162,False
配股_09689.hk_16/07/26,09689,金泰豐國際控股,2026-07-16,新股,一般授權,AGENT_SOURCED,False,False,False,False,False,,NOT_TESTED,False,NOT_TESTED,NOT_TESTED,False,True,NOT_TESTED,0,1,0,0.69,-0.2029,-0.3043,False
配股_09689.hk_29/05/26,09689,金泰豐國際控股,2026-05-29,新股,一般授權,AGENT_SOURCED,False,False,False,False,False,,NOT_TESTED,False,NOT_TESTED,NOT_TESTED,False,True,NOT_TESTED,0,1,0,0.694,0.0,-0.3143,False
配股_09696.hk_04/02/26,09696,天齊鋰業,2026-02-04,新股,一般授權,AGENT_SOURCED,False,False,False,False,False,,NOT_TESTED,False,NOT_TESTED,NOT_TESTED,False,False,NOT_TESTED,0,1,0,49.56,-0.1943,-0.1446,False
配股_09858.hk_16/01/26,09858,優然牧業,2026-01-16,先舊後新,特別授權,AGENT_SOURCED,False,False,False,False,False,,NOT_TESTED,False,NOT_TESTED,NOT_TESTED,False,False,NOT_TESTED,0,1,0,3.92,0.0183,-0.29,False
配股_09880.hk_25/11/25,09880,優必選,2025-11-25,新股,一般授權,NO_DEF,False,False,False,False,False,,NOT_TESTED,False,NOT_TESTED,NOT_TESTED,False,False,NOT_TESTED,0,1,0,98.8,0.1456,-0.0398,False
配股_09903.hk_09/07/26,09903,天數智芯,2026-07-09,新股,一般授權,UNKNOWN,False,False,False,False,False,,NOT_TESTED,False,NOT_TESTED,NOT_TESTED,False,False,NOT_TESTED,0,1,0,476.0,-0.3558,-0.3651,False
配股_09936.hk_03/06/26,09936,稀美資源,2026-06-03,先舊後新,一般授權,AGENT_SOURCED,False,False,False,False,False,,NOT_TESTED,,NOT_TESTED,NOT_TESTED,False,,NOT_TESTED,0,1,0,16.1,,,
配股_09939.hk_12/11/25,09939,開拓藥業－Ｂ,2025-11-12,新股,一般授權,DIRECT_SUBSCRIPTION,False,False,False,False,False,,NOT_TESTED,,NOT_TESTED,NOT_TESTED,False,,NOT_TESTED,0,1,1,1.64,,,
配股_09958.hk_10/04/26,09958,力天影業,2026-04-10,新股,一般授權,AGENT_SOURCED,False,False,False,False,False,,NOT_TESTED,False,NOT_TESTED,NOT_TESTED,False,False,NOT_TESTED,0,1,0,0.156,-0.2186,-0.2787,False
配股_09958.hk_14/01/26,09958,力天影業,2026-01-14,新股,一般授權,AGENT_SOURCED,False,False,False,False,False,,NOT_TESTED,False,NOT_TESTED,NOT_TESTED,False,True,NOT_TESTED,0,1,0,0.2,-0.08,-0.265,False
供股_09958.hk_27/08/26,09958,力天影業,2026-08-27,供股,,NO_DEF,False,False,False,False,False,,NOT_TESTED,,NOT_TESTED,NOT_TESTED,False,,NOT_TESTED,0,1,0,,,,
配股_09963.hk_14/08/26,09963,高科橋光導,2026-08-14,新股,一般授權,AGENT_SOURCED,False,False,False,False,False,,NOT_TESTED,False,NOT_TESTED,NOT_TESTED,False,False,NOT_TESTED,0,1,0,7.0,0.2431,0.2431,False
配股_09963.hk_17/12/25,09963,高科橋光導,2025-12-17,新股,一般授權,AGENT_SOURCED,False,False,False,False,False,,NOT_TESTED,False,NOT_TESTED,NOT_TESTED,False,True,NOT_TESTED,0,1,0,0.476,1.7037,9.7037,False
配股_09982.hk_18/06/26,09982,中原建業,2026-06-18,新股,一般授權,NO_DEF,False,False,False,False,False,,NOT_TESTED,False,NOT_TESTED,NOT_TESTED,False,True,NOT_TESTED,0,1,0,0.09,-0.0707,-0.0909,False
配股_09988.hk_24/08/26,09988,阿里巴巴－Ｗ,2026-08-24,新股,一般授權,NO_DEF,False,False,False,False,False,,NOT_TESTED,False,NOT_TESTED,NOT_TESTED,False,False,NOT_TESTED,0,1,0,112.7,-0.0658,-0.0658,False
