stock_code,stock_name,ann_date,completion_date,event_id,price_base,price_base_prev,ret_ann_30,ret_ann_60,ret_ann_90,ret_comp_13,ret_comp_30,ret_comp_60,max_drawdown_90,crash_flag,crash_date,crash_suspect_tick,vol_spike_ratio,turnover_median_prev90,price_source,fail_reason
00020,商湯－Ｗ,2025-12-18,2025-12-29,配股_00020.hk_18/12/25,1.89,1.97,0.2751,0.0582,0.1005,0.169,0.1455,-0.1268,-0.0265,False,,,2.9,1238812300,hk_prices_master.csv(tencent),
00020,商湯－Ｗ,2026-04-17,2026-04-24,配股_00020.hk_17/04/26,2.01,2.09,-0.0995,-0.3085,-0.2363,-0.0493,-0.2414,-0.3153,-0.3781,False,,,1.2,1103384950,hk_prices_master.csv(tencent),
00036,遠東控股國際,2024-11-11,,供股_00036.hk_11/11/24,0.5,,-0.18,-0.06,-0.49,,,,-0.49,False,,,,,hk_prices_master.csv(tencent),
00048,中國汽車內飾,2025-09-10,,供股_00048.hk_10/09/25,0.152,0.152,-0.0592,-0.0395,1.0724,,,,-0.1053,False,,,6.9,40605,hk_prices_master.csv(tencent),
00073,亞洲果業,2026-06-15,,供股_00073.hk_15/06/26,1.92,1.92,0.099,0.0599,0.0599,,,,-0.0104,False,,,,90,hk_prices_master.csv(tencent),
00080,ＣＡＩ控股,2025-10-02,,供股_00080.hk_02/10/25,0.447,0.443,-0.1387,-0.217,-0.2953,,,,-0.3624,False,,,7.3,4266750,hk_prices_master.csv(tencent),
00080,ＣＡＩ控股,2025-12-17,2026-02-16,配股_00080.hk_17/12/25,0.38,0.37,-0.1842,-0.1053,-0.0658,0.0606,0.3333,0.0,-0.25,False,,,2.1,6184245,hk_prices_master.csv(tencent),
00080,ＣＡＩ控股,2026-05-29,2026-08-28,配股_00080.hk_29/05/26,0.3,0.305,-0.1167,-0.2,-0.2,,,,-0.2,False,,,4.7,752150,hk_prices_master.csv(tencent),
00092,冠軍科技集團,2026-01-12,2026-02-03,配股_00092.hk_12/01/26,0.22,0.177,-0.1636,-0.1455,-0.1455,-0.0783,-0.0415,-0.1336,-0.25,False,,,46.5,50995,hk_prices_master.csv(tencent),
00092,冠軍科技集團,2026-08-20,,配股_00092.hk_20/08/26,0.21,0.199,-0.1667,-0.1667,-0.1667,,,,-0.2143,False,,,35.1,26425,hk_prices_master.csv(tencent),
00094,綠心集團,2025-06-10,,供股_00094.hk_10/06/25,0.029,0.029,0.3793,nan,0.5172,,,,0.0,False,,,1452.0,1730,hk_prices_master.csv(tencent),
00100,MINIMAX-W,2026-07-10,2026-07-16,配股_00100.hk_10/07/26,268.6,297.4,0.2926,-0.0514,-0.0514,-0.1008,0.2289,-0.0047,-0.2811,False,,,5.2,1344325800,hk_prices_master.csv(tencent),
00103,首佳科技,2024-09-13,,供股_00103.hk_13/09/24,,,,,,,,,,,,,,,hk_prices_master.csv(tencent),NO_PRICE_DATA
00103,首佳科技,2025-05-13,,供股_00103.hk_13/05/25,,,,,,,,,,,,,,,hk_prices_master.csv(tencent),NO_PRICE_DATA
00108,春雨醫療,2025-12-05,,配股_00108.hk_05/12/25,3.98,3.96,-0.1156,-0.3593,-0.2965,,,,-0.4623,False,,,4.5,4011950,hk_prices_master.csv(tencent),
00110,中國長遠,2026-03-31,,配股_00110.hk_31/03/26,0.195,0.195,1.4103,1.3077,2.5385,,,,0.0,False,,,,0,hk_prices_master.csv(tencent),
00122,鱷魚恤,2025-10-22,,供股_00122.hk_22/10/25,1.793,1.793,-0.1634,-0.1746,-0.1801,,,,-0.2192,False,,,390.4,8875,hk_prices_master.csv(tencent),
00139,小魚盈通,2026-01-22,2026-07-03,配股_00139.hk_22/01/26,0.173,0.181,-0.0462,-0.2717,-0.2486,0.0577,-0.2949,-0.2949,-0.3699,False,,,1.2,3030295,hk_prices_master.csv(tencent),
00145,信能低碳,2025-10-09,,供股_00145.hk_09/10/25,nan,0.176,nan,nan,nan,,,,nan,True,2025-12-22,,7.9,42350,hk_prices_master.csv(tencent),
00163,英皇國際,2024-07-31,,供股_00163.hk_31/07/24,,,,,,,,,,,,,,,hk_prices_master.csv(tencent),NO_PRICE_DATA
00164,中國寶力科技,2025-02-18,,供股_00164.hk_18/02/25,0.425,,-0.0941,0.0353,0.0,,,,-0.1529,False,,,,,hk_prices_master.csv(tencent),
00164,中國寶力科技,2026-03-30,2026-04-15,配股_00164.hk_30/03/26,0.405,0.41,0.284,0.1728,0.1605,0.1395,0.1628,0.1163,-0.037,False,,,31.7,60020,hk_prices_master.csv(tencent),
00164,中國寶力科技,2026-05-19,,配股_00164.hk_19/05/26,0.52,0.5,-0.0673,-0.0962,-0.0962,,,,-0.0962,False,,,2.5,161365,hk_prices_master.csv(tencent),
00164,中國寶力科技,2026-08-30,,配股_00164.hk_30/08/26,,,,,,,,,,,,,,,hk_prices_master.csv(tencent),ANN_DATE_AFTER_LAST_PRICE
00167,IDT INT'L,2026-02-13,2026-03-12,配股_00167.hk_13/02/26,2.34,2.27,1.6496,2.1624,2.3889,-0.4016,-0.3895,-0.2936,0.0,False,,,7.6,1013400,hk_prices_master.csv(tencent),
00174,盛洋投資,2026-06-07,,配股_00174.hk_07/06/26,0.246,0.186,-0.0894,-0.0894,-0.0894,,,,-0.1463,False,,,,0,hk_prices_master.csv(tencent),
00197,亨泰,2024-04-08,,供股_00197.hk_08/04/24,0.15,,0.3733,0.9,1.7,,,,-0.0667,False,,,,,hk_prices_master.csv(tencent),
00197,亨泰,2025-10-08,2025-10-17,配股_00197.hk_08/10/25,0.58,0.56,-0.4138,-0.4914,-0.4741,-0.2449,-0.4082,-0.3878,-0.5776,False,,,29.3,80480,hk_prices_master.csv(tencent),
00199,德祥地產,2025-11-25,,配股_00199.hk_25/11/25,1.3,nan,-0.0462,-0.2769,-0.2846,,,,-0.3154,False,,,nan,168280,hk_prices_master.csv(tencent),
00199,德祥地產,2026-01-20,2026-03-04,配股_00199.hk_20/01/26,nan,1.42,nan,nan,nan,0.0105,-0.0316,1.5789,nan,False,,,11.3,1518940,hk_prices_master.csv(tencent),
00199,德祥地產,2026-04-22,2026-05-13,配股_00199.hk_22/04/26,0.9,0.91,1.5222,1.3778,1.9889,1.5789,1.8316,1.8316,0.0,False,,,8.9,2659150,hk_prices_master.csv(tencent),
00200,新濠國際發展,2025-04-25,,供股_00200.hk_25/04/25,2.496,,0.3181,1.1755,1.1955,,,,0.0,False,,,,,hk_prices_master.csv(tencent),
00204,資本界金控,2025-05-13,,供股_00204.hk_13/05/25,0.96,0.88,-0.0833,-0.1771,-0.0417,,,,-0.2708,False,,,45.6,101990,hk_prices_master.csv(tencent),
00204,資本界金控,2025-12-24,2026-01-22,配股_00204.hk_24/12/25,0.187,0.185,0.1497,0.2246,0.1123,-0.2151,-0.1434,-0.1736,0.0,False,,,6.4,399070,hk_prices_master.csv(tencent),
00205,BFB HEALTH,2025-05-07,,供股_00205.hk_07/05/25,0.133,0.131,0.188,1.0301,1.1053,,,,-0.0677,False,,,51.6,3215,hk_prices_master.csv(tencent),
00209,萬維智能科技,2025-10-15,,供股_00209.hk_15/10/25,1.42,1.454,0.062,0.4789,1.1127,,,,-0.0099,False,,,3.1,28350,hk_prices_master.csv(tencent),
00223,易生活控股,2024-11-21,,供股_00223.hk_21/11/24,0.146,,-0.137,-0.2055,-0.0753,,,,-0.2123,False,,,,,hk_prices_master.csv(tencent),
00223,易生活控股,2026-01-12,2026-04-29,配股_00223.hk_12/01/26,0.126,0.123,0.2698,0.0873,-0.0159,0.0455,-0.1742,-0.3333,-0.0873,False,,,4.2,172060,hk_prices_master.csv(tencent),
00228,中能控股,2025-08-14,,供股_00228.hk_14/08/25,2.04,1.96,-0.3333,-0.3382,nan,,,,-0.3922,False,,,52.3,158845,hk_prices_master.csv(tencent),
00248,香港通訊國際控股,2026-01-02,,供股_00248.hk_02/01/26,0.344,0.344,-0.0698,-0.157,-0.157,,,,-0.3023,False,,,4430.2,1240,hk_prices_master.csv(tencent),
00254,國家聯合資源,2026-05-28,,配股_00254.hk_28/05/26,0.86,0.87,-0.8198,-0.8337,-0.8337,,,,-0.8814,True,2026-06-25,,296.3,112115,hk_prices_master.csv(tencent),
00256,冠城鐘錶珠寶,2026-05-05,,供股_00256.hk_05/05/26,0.076,0.08,-0.0526,-0.1053,-0.0789,,,,-0.2105,False,,,10.9,283265,hk_prices_master.csv(tencent),
00261,ＧＢＡ集團,2026-08-03,2026-08-26,配股_00261.hk_03/08/26,0.219,0.211,0.1416,0.1233,0.1233,0.0593,0.0424,0.0424,0.0,False,,,561.1,17974,hk_prices_master.csv(tencent),
00264,中聯發展控股,2025-09-30,2025-10-27,配股_00264.hk_30/09/25,,,,,,,,,,,,,,,hk_prices_master.csv(tencent),NO_PRICE_DATA
00264,中聯發展控股,2026-01-06,2026-01-27,配股_00264.hk_06/01/26,,,,,,,,,,,,,,,hk_prices_master.csv(tencent),NO_PRICE_DATA
00264,中聯發展控股,2026-03-17,,配股_00264.hk_17/03/26,,,,,,,,,,,,,,,hk_prices_master.csv(tencent),NO_PRICE_DATA
00279,裕承科金,2026-04-20,,配股_00279.hk_20/04/26,0.6,0.64,-0.2083,-0.4,-0.3917,,,,-0.4167,False,,,279.5,120860,hk_prices_master.csv(tencent),
00286,愛帝宮,2024-03-20,,供股_00286.hk_20/03/24,,,,,,,,,,,,,,,hk_prices_master.csv(tencent),NO_PRICE_DATA
00290,國富量子,2026-08-03,2026-08-17,配股_00290.hk_03/08/26,1.82,1.73,-0.1044,-0.1099,-0.1099,-0.1085,-0.1628,-0.1628,-0.1264,False,,,5.8,83385780,hk_prices_master.csv(tencent),
00302,中手游,2026-04-21,,配股_00302.hk_21/04/26,,,,,,,,,,,,,,,hk_prices_master.csv(tencent),NO_PRICE_DATA
00309,新華通訊頻媒,2026-05-07,,配股_00309.hk_07/05/26,1.48,1.28,-0.2432,-0.3243,-0.3243,,,,-0.4189,False,,,572.3,31525,hk_prices_master.csv(tencent),
00309,新華通訊頻媒,2026-09-02,,配股_00309.hk_02/09/26,,,,,,,,,,,,,,,hk_prices_master.csv(tencent),ANN_DATE_AFTER_LAST_PRICE
00310,嘉進投資國際,2026-02-10,,配股_00310.hk_10/02/26,0.144,0.14,0.25,0.1944,-0.1458,,,,-0.1597,False,,,4180.0,3420,hk_prices_master.csv(tencent),
00318,黃河實業,2025-12-03,2025-12-24,配股_00318.hk_03/12/25,0.55,0.55,0.1455,0.1636,0.1455,-0.0156,-0.0156,0.1094,0.0,False,,,,0,hk_prices_master.csv(tencent),
00328,ALCO HOLDINGS,2025-07-08,,供股_00328.hk_08/07/25,1.118,1.118,0.0322,0.7209,-0.1181,,,,-0.195,False,,,24.7,133290,hk_prices_master.csv(tencent),
00328,ALCO HOLDINGS,2026-03-25,,供股_00328.hk_25/03/26,0.574,0.578,0.0418,-0.007,-0.3293,,,,-0.3815,False,,,2.4,419790,hk_prices_master.csv(tencent),
00332,元亨燃氣,2026-08-31,,配股_00332.hk_31/08/26,,,,,,,,,,,,,,,hk_prices_master.csv(tencent),ANN_DATE_AFTER_LAST_PRICE
00339,全球數字控股,2025-05-09,,供股_00339.hk_09/05/25,0.105,0.109,0.0,1.8571,0.4952,,,,-0.1714,False,,,,0,hk_prices_master.csv(tencent),
00339,全球數字控股,2026-09-11,,配股_00339.hk_11/09/26,,,,,,,,,,,,,,,hk_prices_master.csv(tencent),ANN_DATE_AFTER_LAST_PRICE
00340,潼關黃金,2025-12-19,2026-01-09,配股_00340.hk_19/12/25,2.718,2.658,0.1803,-0.0147,0.1288,0.1837,0.2058,0.0095,-0.0147,False,,,3.6,38458345,hk_prices_master.csv(tencent),
00343,文化傳信,2026-04-29,,配股_00343.hk_29/04/26,0.126,0.131,-0.0952,-0.1429,-0.1746,,,,-0.2063,False,,,18.0,91140,hk_prices_master.csv(tencent),
00348,中國智能健康,2026-08-05,,配股_00348.hk_05/08/26,0.06,0.064,0.2333,0.2333,0.2333,,,,0.0,False,,,290.2,18685,hk_prices_master.csv(tencent),
00353,能源國際投資,2025-12-24,,配股_00353.hk_24/12/25,0.3,0.305,0.0833,0.15,0.4,,,,0.0,False,,,23.1,81925,hk_prices_master.csv(tencent),
00356,鼎立資本,2026-05-22,,配股_00356.hk_22/05/26,0.855,0.855,-0.4035,-0.462,-0.462,,,,-0.4678,False,,,105.5,20040,hk_prices_master.csv(tencent),
00362,中國天化工,2025-03-03,,供股_00362.hk_03/03/25,,,,,,,,,,,,,,,hk_prices_master.csv(tencent),NO_PRICE_DATA
00370,港仔機器人,2026-08-27,,供股_00370.hk_27/08/26,,,,,,,,,,,,,,,hk_prices_master.csv(tencent),NO_PRICE_DATA
00377,中國華君,2026-06-26,,配股_00377.hk_26/06/26,nan,nan,nan,nan,nan,,,,nan,False,,,,0,hk_prices_master.csv(tencent),
00377,中國華君,2026-06-30,,配股_00377.hk_30/06/26,nan,nan,nan,nan,nan,,,,nan,False,,,,0,hk_prices_master.csv(tencent),
00377,中國華君,2026-07-02,2026-07-16,配股_00377.hk_02/07/26,1.12,nan,1.6607,3.1875,3.1875,1.5348,1.2968,1.508,0.0,False,,,,0,hk_prices_master.csv(tencent),
00381,權識國際,2026-06-17,2026-07-20,配股_00381.hk_17/06/26,0.105,0.102,-0.2,-0.1905,-0.1905,-0.1414,-0.1414,-0.1414,-0.2,False,,,1.6,1153690,hk_prices_master.csv(tencent),
00389,通天酒業,2026-07-26,,配股_00389.hk_26/07/26,0.171,0.179,1.1345,0.7251,0.7251,,,,-0.0058,False,,,69.9,27570,hk_prices_master.csv(tencent),
00397,嬴集團,2026-04-29,,供股_00397.hk_29/04/26,0.045,0.044,-0.1111,-0.1556,-0.1333,,,,-0.2222,False,,,38.6,27605,hk_prices_master.csv(tencent),
00401,萬嘉集團,2025-12-30,,供股_00401.hk_30/12/25,0.099,0.094,0.0606,0.2929,0.8889,,,,-0.1212,False,,,50.0,13040,hk_prices_master.csv(tencent),
00419,弘毅文化集團,2025-11-06,2025-11-17,配股_00419.hk_06/11/25,0.4,0.42,-0.1125,-0.125,-0.3625,-0.0244,-0.1341,-0.2073,-0.3625,False,,,6.3,620410,hk_prices_master.csv(tencent),
00419,弘毅文化集團,2026-05-26,2026-07-20,配股_00419.hk_26/05/26,0.485,0.49,-0.0412,0.4021,-0.0103,0.0588,0.3176,0.1294,-0.1959,False,,,13.9,132060,hk_prices_master.csv(tencent),
00419,弘毅文化集團,2026-07-06,2026-07-31,配股_00419.hk_06/07/26,0.48,0.48,0.5208,0.0,0.0,0.3019,-0.0755,-0.0943,-0.1875,False,,,3.2,218275,hk_prices_master.csv(tencent),
00428,中國天弓控股,2026-05-28,2026-06-09,配股_00428.hk_28/05/26,0.246,0.25,-0.0976,-0.187,-0.187,-0.088,-0.192,-0.2,-0.187,False,,,28.1,22020,hk_prices_master.csv(tencent),
00442,域能控股,2025-11-12,,供股_00442.hk_12/11/25,0.81,0.777,-0.0247,0.0494,0.0,,,,-0.0901,False,,,,0,hk_prices_master.csv(tencent),
00451,時代數字,2026-01-08,2026-05-08,配股_00451.hk_08/01/26,,,,,,,,,,,,,,,hk_prices_master.csv(tencent),NO_PRICE_DATA
00451,時代數字,2026-04-20,,配股_00451.hk_20/04/26,,,,,,,,,,,,,,,hk_prices_master.csv(tencent),NO_PRICE_DATA
00456,新城市建設發展,2026-05-04,2026-05-22,配股_00456.hk_04/05/26,0.425,0.44,0.5294,0.4588,0.3412,0.5294,0.0706,0.3412,-0.0353,False,,,,0,hk_prices_master.csv(tencent),
00464,中國智能科技,2025-11-06,2025-11-27,配股_00464.hk_06/11/25,1.12,1.06,0.375,0.2054,-0.3125,-0.2323,-0.3081,-0.5152,-0.3304,False,,,7.6,5206000,hk_prices_master.csv(tencent),
00471,中播數據,2025-11-19,,供股_00471.hk_19/11/25,0.506,0.516,0.0257,0.3439,0.2846,,,,-0.0415,False,,,1.4,216820,hk_prices_master.csv(tencent),
00472,新絲路控股集團,2026-04-28,2026-06-16,配股_00472.hk_28/04/26,0.223,0.22,0.2556,-0.157,-0.1031,-0.0627,-0.3373,-0.2157,-0.2825,False,,,10.5,239475,hk_prices_master.csv(tencent),
00474,信銘生命科技,2026-01-30,2026-03-03,配股_00474.hk_30/01/26,0.12,0.119,0.0,-0.0417,-0.0417,0.0,-0.0252,-0.0756,-0.1,False,,,43.7,541285,hk_prices_master.csv(tencent),
00474,信銘生命科技,2026-05-04,,配股_00474.hk_04/05/26,0.12,0.114,-0.0667,-0.05,-0.05,,,,-0.1,False,,,4.9,83280,hk_prices_master.csv(tencent),
00475,中發展控股,2025-11-28,,配股_00475.hk_28/11/25,0.415,0.415,0.4699,-0.0241,-0.1325,,,,-0.1566,False,,,,0,hk_prices_master.csv(tencent),
00476,科軒動力控股,2024-06-26,,供股_00476.hk_26/06/24,0.31,,0.3226,1.2581,1.9677,,,,-0.0645,False,,,,,hk_prices_master.csv(tencent),
00476,科軒動力控股,2025-11-10,2025-12-01,配股_00476.hk_10/11/25,0.91,0.98,-0.1429,-0.1319,-0.3297,0.0241,0.012,-0.1446,-0.3407,False,,,3.6,452665,hk_prices_master.csv(tencent),
00476,科軒動力控股,2026-04-16,,配股_00476.hk_16/04/26,0.5,0.5,0.0,-0.11,0.26,,,,-0.16,False,,,24.6,92475,hk_prices_master.csv(tencent),
00476,科軒動力控股,2026-05-04,,配股_00476.hk_04/05/26,0.57,0.53,-0.2018,-0.1754,0.193,,,,-0.2632,False,,,7.4,88655,hk_prices_master.csv(tencent),
00476,科軒動力控股,2026-07-24,,配股_00476.hk_24/07/26,0.44,0.42,0.5455,0.5682,0.5682,,,,-0.0455,False,,,29.9,27035,hk_prices_master.csv(tencent),
00476,科軒動力控股,2026-08-28,,配股_00476.hk_28/08/26,0.63,0.63,0.0952,0.0952,0.0952,,,,0.0,False,,,39.1,24220,hk_prices_master.csv(tencent),
00482,聖馬丁國際,2025-10-24,,供股_00482.hk_24/10/25,0.74,0.765,0.0135,0.0405,0.1959,,,,-0.0541,False,,,,0,hk_prices_master.csv(tencent),
00485,中國華星,2025-12-05,,配股_00485.hk_05/12/25,0.32,0.32,0.4062,0.5156,0.25,,,,0.0,False,,,562.0,6750,hk_prices_master.csv(tencent),
00493,國美零售,2026-01-16,,配股_00493.hk_16/01/26,0.015,0.015,-0.0667,-0.1333,-0.2,,,,-0.2,False,,,14.8,780525,hk_prices_master.csv(tencent),
00493,國美零售,2026-06-05,,配股_00493.hk_05/06/26,0.013,0.012,-0.2308,-0.2308,-0.2308,,,,-0.2308,False,,,2.0,449215,hk_prices_master.csv(tencent),
00524,長城天下,2026-04-24,2026-05-21,配股_00524.hk_24/04/26,0.55,0.55,3.4182,3.0909,2.5455,2.4605,2.5921,1.5658,0.0,False,,,108.6,1780,hk_prices_master.csv(tencent),
00527,瑞風綠能智算,2026-06-23,2026-07-10,配股_00527.hk_23/06/26,0.65,0.64,-0.0615,-0.0615,-0.0615,0.0,0.0,0.0,-0.0769,False,,,3.2,1758480,hk_prices_master.csv(tencent),
00544,大同集團,2025-10-31,,配股_00544.hk_31/10/25,2.05,2.05,-0.0537,-0.122,-0.1463,,,,-0.2488,False,,,1.5,105865,hk_prices_master.csv(tencent),
00544,大同集團,2026-04-27,2026-04-30,配股_00544.hk_27/04/26,1.76,1.75,-0.0341,-0.4375,-0.4886,0.0278,-0.0833,-0.5833,-0.608,False,,,73.2,17060,hk_prices_master.csv(tencent),
00544,大同集團,2026-07-30,,配股_00544.hk_30/07/26,0.98,0.75,-0.0867,-0.0765,-0.0765,,,,-0.1327,False,,,45.9,29910,hk_prices_master.csv(tencent),
00568,山東墨龍,2026-07-22,2026-07-29,配股_00568.hk_22/07/26,6.07,5.65,-0.1878,-0.271,-0.271,-0.0339,0.015,-0.1168,-0.271,False,,,3.0,484967705,hk_prices_master.csv(tencent),
00574,百信國際,2026-04-16,,供股_00574.hk_16/04/26,0.038,0.035,-0.0263,-0.5263,-0.5263,,,,-0.5263,False,,,12.7,22305,hk_prices_master.csv(tencent),
00582,神話世界,2024-04-18,,供股_00582.hk_18/04/24,0.128,,0.0234,-0.0391,-0.1016,,,,-0.1016,False,,,,,hk_prices_master.csv(tencent),
00582,神話世界,2025-07-25,2025-07-15,供股_00582.hk_25/07/25,0.126,0.128,-0.0794,-0.1032,-0.0476,-0.0476,-0.0794,-0.1032,-0.2302,False,,,56.2,20745,hk_prices_master.csv(tencent),
00596,浪潮數字企業,2025-11-16,2025-11-26,配股_00596.hk_16/11/25,8.26,7.79,-0.1961,-0.5085,-0.7409,-0.0948,-0.1717,-0.5027,-0.7409,False,,,3.5,37941065,hk_prices_master.csv(tencent),
00601,稀鎂科技,2024-11-19,,供股_00601.hk_19/11/24,0.065,,0.3692,0.3077,0.3231,,,,0.0,False,,,,,hk_prices_master.csv(tencent),
00601,稀鎂科技,2026-08-21,,配股_00601.hk_21/08/26,0.064,0.064,0.0,0.0,0.0,,,,0.0,False,,,,715,hk_prices_master.csv(tencent),
00607,豐盛控股,2026-01-26,2026-07-31,配股_00607.hk_26/01/26,1.3,1.21,0.0769,nan,nan,0.1282,0.1282,0.1282,-0.1923,False,,,36.6,560530,hk_prices_master.csv(tencent),
00616,財富鏈,2024-10-15,,供股_00616.hk_15/10/24,0.101,,-0.2376,-0.2871,1.7723,,,,-0.3267,False,,,,,hk_prices_master.csv(tencent),
00616,財富鏈,2025-12-09,2026-01-26,配股_00616.hk_09/12/25,0.335,0.37,-0.0299,-0.0149,-0.1791,-0.1765,-0.0735,-0.1912,-0.2896,False,,,41.9,606925,hk_prices_master.csv(tencent),
00616,財富鏈,2025-12-16,2026-01-26,配股_00616.hk_16/12/25,0.335,0.345,-0.0299,-0.0896,-0.2388,-0.1765,-0.0735,-0.1912,-0.2896,False,,,12.4,768110,hk_prices_master.csv(tencent),
00616,財富鏈,2026-01-16,2026-01-26,配股_00616.hk_16/01/26,0.3,0.3,-0.0333,0.0667,-0.4133,-0.1765,-0.0735,-0.1912,-0.42,False,,,0.9,2041900,hk_prices_master.csv(tencent),
00632,中港石油,2026-06-05,2026-06-18,配股_00632.hk_05/06/26,0.25,0.25,-0.16,-0.24,-0.24,0.0575,-0.146,-0.1593,-0.24,False,,,5.2,4519060,hk_prices_master.csv(tencent),
00632,中港石油,2026-06-23,,配股_00632.hk_23/06/26,0.255,0.25,-0.2549,-0.2549,-0.2549,,,,-0.2549,False,,,9.3,3709645,hk_prices_master.csv(tencent),
00639,首鋼資源,2024-09-23,,供股_00639.hk_23/09/24,2.13,,0.1174,0.3239,0.2113,,,,-0.0094,False,,,,,hk_prices_master.csv(tencent),
00640,星謙發展,2025-11-17,2025-12-02,配股_00640.hk_17/11/25,2.448,2.448,-0.0286,0.0625,-0.0069,-0.1009,-0.0282,0.0295,-0.1021,False,,,5.0,283420,hk_prices_master.csv(tencent),
00643,恆富控股,2026-07-14,,配股_00643.hk_14/07/26,0.165,0.169,0.1939,0.0303,0.0303,,,,-0.0545,False,,,10.9,152485,hk_prices_master.csv(tencent),
00648,京玖康療,2026-03-10,2026-05-07,配股_00648.hk_10/03/26,5.6,6.0,0.0714,-0.6357,-0.8589,1.6193,-0.3265,-0.9223,-0.8714,True,2026-06-01,,8.0,112160,hk_prices_master.csv(tencent),
00653,卓悅控股,2025-04-17,,供股_00653.hk_17/04/25,0.087,,-0.0115,0.0115,0.1494,,,,-0.0345,False,,,,,hk_prices_master.csv(tencent),
00653,卓悅控股,2026-02-06,,配股_00653.hk_06/02/26,0.127,0.124,-0.4488,-0.4803,-0.874,,,,-0.874,False,,,6.1,333490,hk_prices_master.csv(tencent),
00653,卓悅控股,2026-03-17,,配股_00653.hk_17/03/26,0.087,0.086,-0.1264,-0.7011,-0.3333,,,,-0.8391,False,,,11.1,381770,hk_prices_master.csv(tencent),
00666,瑞浦蘭鈞,2025-10-31,2025-11-07,配股_00666.hk_31/10/25,13.97,15.11,-0.0931,-0.1582,0.1396,-0.0186,-0.0992,-0.0871,-0.1739,False,,,13.7,39738645,hk_prices_master.csv(tencent),
00673,中國衛生集團,2025-05-23,,供股_00673.hk_23/05/25,0.25,,0.092,1.156,0.86,,,,-0.148,False,,,,,hk_prices_master.csv(tencent),
00673,中國衛生集團,2026-02-02,,配股_00673.hk_02/02/26,0.61,0.61,-0.0492,-0.0656,-0.1311,,,,-0.1885,False,,,1.1,164770,hk_prices_master.csv(tencent),
00682,超大現代,2025-12-01,2025-12-19,配股_00682.hk_01/12/25,0.265,0.265,0.1132,0.0755,-0.1321,0.0727,0.0909,-0.1636,-0.1774,False,,,396.3,19055,hk_prices_master.csv(tencent),
00689,長盈集團（控股）,2026-01-13,,供股_00689.hk_13/01/26,0.167,0.171,0.2275,0.3952,0.5269,,,,-0.024,False,,,13.5,144835,hk_prices_master.csv(tencent),
00707,亞洲電視控股,2024-08-02,,供股_00707.hk_02/08/24,,,,,,,,,,,,,,,hk_prices_master.csv(tencent),NO_PRICE_DATA
00720,意達利控股,2026-02-13,,配股_00720.hk_13/02/26,0.34,0.34,0.2206,0.0147,-0.0147,,,,-0.2059,False,,,8.4,101240,hk_prices_master.csv(tencent),
00721,中國金融國際,2026-03-11,,配股_00721.hk_11/03/26,0.285,0.285,0.0351,-0.2596,-0.4246,,,,-0.4667,False,,,97.9,130710,hk_prices_master.csv(tencent),
00724,瑞鑫國際集團,2026-03-11,,配股_00724.hk_11/03/26,,,,,,,,,,,,,,,hk_prices_master.csv(tencent),NO_PRICE_DATA
00727,中國豐滙,2024-09-09,,供股_00727.hk_09/09/24,0.805,,0.0745,0.0286,0.0037,,,,-0.1242,False,,,,,hk_prices_master.csv(tencent),
00727,中國豐滙,2025-11-21,,供股_00727.hk_21/11/25,0.69,0.715,0.0043,0.1884,0.0145,,,,-0.1304,False,,,6.1,79150,hk_prices_master.csv(tencent),
00730,首惠產業金融,2026-07-14,,供股_00730.hk_14/07/26,0.124,0.121,0.0,0.0,0.0,,,,-0.0968,False,,,17.1,36250,hk_prices_master.csv(tencent),
00736,中國置業投資,2026-09-18,,配股_00736.hk_18/09/26,,,,,,,,,,,,,,,hk_prices_master.csv(tencent),ANN_DATE_AFTER_LAST_PRICE
00737,灣區發展,2026-06-12,,配股_00737.hk_12/06/26,,,,,,,,,,,,,,,hk_prices_master.csv(tencent),NO_PRICE_DATA
00745,中國國家文化產業,2024-10-02,,供股_00745.hk_02/10/24,0.17,,-0.0118,3.0,2.1765,,,,-0.0176,False,,,,,hk_prices_master.csv(tencent),
00764,永恒策略,2025-12-17,2026-01-13,配股_00764.hk_17/12/25,1.0,1.0,-0.02,-0.48,-0.505,-0.2097,-0.3548,-0.6008,-0.51,False,,,2.7,81365,hk_prices_master.csv(tencent),
00765,PERFECTECH INTL,2025-09-26,,供股_00765.hk_26/09/25,0.328,0.338,0.0366,-0.0854,-0.2073,,,,-0.2226,False,,,13.0,0,hk_prices_master.csv(tencent),
00770,SHANGHAI GROWTH,2026-01-15,,供股_00770.hk_15/01/26,,,,,,,,,,,,,,,hk_prices_master.csv(tencent),NO_PRICE_DATA
00776,帝國科技集團,2025-10-02,2025-10-28,配股_00776.hk_02/10/25,0.763,0.777,0.4377,0.1927,0.0092,-0.1626,-0.3763,-0.3817,-0.0957,False,,,40.9,213060,hk_prices_master.csv(tencent),
00776,帝國科技集團,2026-06-23,,供股_00776.hk_23/06/26,0.403,0.443,-0.3797,-0.3797,-0.3797,,,,-0.4119,False,,,8.8,103660,hk_prices_master.csv(tencent),
00804,鼎石資本,2025-06-10,,供股_00804.hk_10/06/25,2.116,2.204,0.3403,0.276,0.5123,,,,-0.0945,False,,,10.7,99945,hk_prices_master.csv(tencent),
00804,鼎石資本,2025-10-01,,配股_00804.hk_01/10/25,3.09,2.86,-0.1068,0.246,0.11,,,,-0.2168,False,,,49.3,49845,hk_prices_master.csv(tencent),
00804,鼎石資本,2026-07-29,2026-08-25,配股_00804.hk_29/07/26,6.52,4.1,1.1472,1.1994,1.1994,-0.0912,-0.0453,-0.0453,0.0,False,,,308.7,56955,hk_prices_master.csv(tencent),
00810,中國鑄晨８１,2025-10-03,2025-10-27,配股_00810.hk_03/10/25,0.111,0.113,0.036,-0.027,0.036,-0.0254,-0.0254,-0.0508,-0.027,False,,,118.7,23125,hk_prices_master.csv(tencent),
00810,中國鑄晨８１,2025-12-19,,供股_00810.hk_19/12/25,0.113,0.113,-0.0177,0.0973,0.0885,,,,-0.0442,False,,,5.7,26515,hk_prices_master.csv(tencent),
00813,世茂集團,2026-05-15,,配股_00813.hk_15/05/26,,,,,,,,,,,,,,,hk_prices_master.csv(tencent),NO_PRICE_DATA
00815,中國白銀集團,2026-02-16,,配股_00815.hk_16/02/26,,,,,,,,,,,,,,,hk_prices_master.csv(tencent),NO_PRICE_DATA
00821,匯盈控股,2025-08-06,,供股_00821.hk_06/08/25,0.457,0.46,0.0941,-0.0263,-0.2232,,,,-0.256,False,,,22.4,25735,hk_prices_master.csv(tencent),
00821,匯盈控股,2026-06-12,2026-07-06,配股_00821.hk_12/06/26,0.27,0.265,0.0926,0.0741,0.0741,0.0714,0.0357,0.0357,0.0,False,,,14.2,14000,hk_prices_master.csv(tencent),
00863,ＯＳＬ集團,2026-01-29,2026-02-04,配股_00863.hk_29/01/26,17.0,18.0,-0.1747,-0.2412,-0.2618,0.0238,-0.0753,-0.1737,-0.4047,False,,,40.2,50690800,hk_prices_master.csv(tencent),
00866,中國秦發,2026-03-05,2026-03-13,配股_00866.hk_05/03/26,3.88,3.9,-0.2345,-0.5077,-0.6495,-0.1691,-0.2343,-0.5725,-0.6649,False,,,16.3,16409955,hk_prices_master.csv(tencent),
00875,從玉智農,2026-04-01,2026-06-24,配股_00875.hk_01/04/26,0.51,0.49,0.1373,0.0588,-0.3431,-0.0926,-0.537,-0.463,-0.5098,False,,,1.8,2330660,hk_prices_master.csv(tencent),
00875,從玉智農,2026-08-17,,配股_00875.hk_17/08/26,0.295,0.335,-0.0169,-0.0169,-0.0169,,,,-0.0508,False,,,6.1,805230,hk_prices_master.csv(tencent),
00876,佳兆業健康,2026-03-18,,配股_00876.hk_18/03/26,9.75,8.55,-0.4667,-0.7436,-0.8256,,,,-0.8379,False,,,6.8,1492190,hk_prices_master.csv(tencent),
00899,中加國信,2025-09-15,,供股_00899.hk_15/09/25,0.171,0.172,0.0292,0.0585,-0.0234,,,,-0.0351,False,,,2.1,105920,hk_prices_master.csv(tencent),
00899,中加國信,2026-08-24,,配股_00899.hk_24/08/26,0.16,0.164,0.3062,0.3062,0.3062,,,,0.0,False,,,22.8,11390,hk_prices_master.csv(tencent),
00905,胡桃資本,2024-04-09,,供股_00905.hk_09/04/24,0.86,,0.0465,1.186,1.0698,,,,-0.0698,False,,,,,hk_prices_master.csv(tencent),
00913,港灣數字,2026-05-26,,供股_00913.hk_26/05/26,0.173,0.178,-0.1503,-0.1272,-0.1272,,,,-0.2081,False,,,7.7,14200,hk_prices_master.csv(tencent),
00927,富士高實業,2026-01-16,2026-01-30,配股_00927.hk_16/01/26,0.64,0.65,-0.125,-0.2188,-0.2031,0.0323,-0.0968,-0.1774,-0.2188,False,,,,0,hk_prices_master.csv(tencent),
00928,帝王國際投資,2026-07-23,,供股_00928.hk_23/07/26,0.073,0.07,0.4521,0.4521,0.4521,,,,-0.0685,False,,,25.0,88690,hk_prices_master.csv(tencent),
00931,中國港能,2026-03-05,2026-05-26,配股_00931.hk_05/03/26,0.3,,-0.0667,0.0667,0.0667,-0.0833,-0.0667,0.0667,-0.1667,False,,,,,hk_prices_master.csv(tencent),
00931,中國港能,2026-08-14,,配股_00931.hk_14/08/26,0.29,0.28,0.1034,0.1034,0.1034,,,,0.0,False,,,4.1,539280,hk_prices_master.csv(tencent),
00931,中國港能,2026-09-07,,配股_00931.hk_07/09/26,0.315,0.315,0.0159,0.0159,0.0159,,,,-0.0159,False,,,2.5,384800,hk_prices_master.csv(tencent),
00931,中國港能,2026-09-14,,配股_00931.hk_14/09/26,0.31,0.32,0.0323,0.0323,0.0323,,,,0.0,False,,,1.0,416680,hk_prices_master.csv(tencent),
00943,中證國際,2025-05-15,,供股_00943.hk_15/05/25,0.2,0.2,0.0,0.2,0.205,,,,-0.045,False,,,118.5,4760,hk_prices_master.csv(tencent),
00943,中證國際,2026-01-04,2026-06-15,配股_00943.hk_04/01/26,0.212,nan,0.0755,-0.0943,-0.1085,-0.0533,-0.1479,-0.1065,-0.2406,False,,,nan,44180,hk_prices_master.csv(tencent),
00948,阿爾法企業,2025-11-12,2025-11-25,配股_00948.hk_12/11/25,0.26,0.26,-0.1923,0.4038,0.0,-0.0377,0.0943,0.1321,-0.1923,False,,,,0,hk_prices_master.csv(tencent),
00948,阿爾法企業,2026-02-12,,配股_00948.hk_12/02/26,0.33,0.33,-0.2636,-0.2909,-0.2485,,,,-0.4303,False,,,,0,hk_prices_master.csv(tencent),
00948,阿爾法企業,2026-08-12,,供股_00948.hk_12/08/26,,,,,,,,,,,,,,,hk_prices_master.csv(tencent),ANN_DATE_AFTER_LAST_PRICE
00953,邵氏兄弟控股,2026-01-21,,配股_00953.hk_21/01/26,0.38,0.375,-0.3658,-0.4316,-0.5263,,,,-0.6053,False,,,32.8,461455,hk_prices_master.csv(tencent),
00970,新耀萊,2026-01-16,,配股_00970.hk_16/01/26,0.44,0.45,0.0568,0.0341,-0.1591,,,,-0.1818,False,,,15.6,141920,hk_prices_master.csv(tencent),
00979,綠色能源科技集團,2026-07-15,,配股_00979.hk_15/07/26,0.305,0.32,-0.1148,0.2951,0.2951,,,,-0.1803,False,,,13.2,89715,hk_prices_master.csv(tencent),
00986,杜甫酒業集團,2026-09-03,,配股_00986.hk_03/09/26,,,,,,,,,,,,,,,hk_prices_master.csv(tencent),ANN_DATE_AFTER_LAST_PRICE
00990,至源控股,2025-12-18,2026-02-13,配股_00990.hk_18/12/25,0.7,0.7,0.2,0.1857,0.1,-0.0465,0.0116,-0.1628,-0.0429,False,,,2.2,22462350,hk_prices_master.csv(tencent),
00994,中天宏信,2026-05-27,2026-06-17,配股_00994.hk_27/05/26,0.345,0.35,-0.087,-0.2174,-0.2174,-0.0735,-0.1765,-0.2059,-0.2174,False,,,13.9,380700,hk_prices_master.csv(tencent),
01002,威鋮國際,2025-12-30,2026-04-22,配股_01002.hk_30/12/25,0.051,0.051,0.1176,0.0,0.0588,0.0339,0.3729,-0.1356,-0.0588,False,,,,710,hk_prices_master.csv(tencent),
01003,歡喜傳媒,2025-11-11,2026-04-21,配股_01003.hk_11/11/25,,,,,,,,,,,,,,,hk_prices_master.csv(tencent),NO_PRICE_DATA
01003,歡喜傳媒,2026-05-19,,配股_01003.hk_19/05/26,,,,,,,,,,,,,,,hk_prices_master.csv(tencent),NO_PRICE_DATA
01010,天璽曜１１,2024-05-10,,供股_01010.hk_10/05/24,0.115,,-0.1478,-0.1478,-0.1913,,,,-0.2,False,,,,,hk_prices_master.csv(tencent),
01011,泰凌醫藥,2026-06-17,,配股_01011.hk_17/06/26,0.46,0.455,-0.1848,-0.2174,-0.2174,,,,-0.2391,False,,,5.0,80350,hk_prices_master.csv(tencent),
01020,中細軟科技,2026-03-15,2026-03-30,配股_01020.hk_15/03/26,0.37,0.32,-0.2703,-0.4189,-0.427,-0.1884,-0.3362,-0.2754,-0.5432,False,,,3.2,2367210,hk_prices_master.csv(tencent),
01020,中細軟科技,2026-08-21,,配股_01020.hk_21/08/26,0.205,0.203,0.1951,0.1951,0.1951,,,,0.0,False,,,6.8,1461840,hk_prices_master.csv(tencent),
01025,嘉藝控股,2024-12-10,,供股_01025.hk_10/12/24,0.235,,0.0213,0.0213,0.0553,,,,-0.0511,False,,,,,hk_prices_master.csv(tencent),
01025,嘉藝控股,2025-11-02,,供股_01025.hk_02/11/25,0.22,0.21,0.1818,0.1591,0.2727,,,,-0.0727,False,,,40.0,200300,hk_prices_master.csv(tencent),
01025,嘉藝控股,2026-06-22,2026-08-18,配股_01025.hk_22/06/26,0.226,0.209,-0.1504,-0.1504,-0.1504,,,,-0.1593,False,,,16.1,183775,hk_prices_master.csv(tencent),
01025,嘉藝控股,2026-09-01,,配股_01025.hk_01/09/26,,,,,,,,,,,,,,,hk_prices_master.csv(tencent),ANN_DATE_AFTER_LAST_PRICE
01027,亞洲策略科技,2026-03-03,2026-03-26,配股_01027.hk_03/03/26,2.2,2.12,0.3955,0.1909,0.6409,0.0066,-0.0984,0.0721,0.0,False,,,5.4,197335,hk_prices_master.csv(tencent),
01028,千百度,2025-10-30,2025-12-11,配股_01028.hk_30/10/25,0.475,0.246,0.7684,0.5368,0.3263,-0.1429,-0.131,-0.25,0.0,False,,,307.3,21100,hk_prices_master.csv(tencent),
01029,鐵貨,2024-10-22,,供股_01029.hk_22/10/24,0.79,,-0.1392,-0.0127,-0.1772,,,,-0.2405,False,,,,,hk_prices_master.csv(tencent),
01029,鐵貨,2025-10-24,,供股_01029.hk_24/10/25,0.61,0.61,-0.1803,-0.1639,-0.0984,,,,-0.2459,False,,,7.5,153730,hk_prices_master.csv(tencent),
01030,新城發展,2026-02-05,2026-02-11,配股_01030.hk_05/02/26,2.44,2.81,-0.1557,-0.0246,-0.4303,-0.112,-0.152,-0.14,-0.4303,False,,,24.2,43499935,hk_prices_master.csv(tencent),
01050,嘉利國際,2026-01-29,2026-02-11,配股_01050.hk_29/01/26,,,,,,,,,,,,,,,hk_prices_master.csv(tencent),NO_PRICE_DATA
01069,中國健康科技集團,2026-03-27,,供股_01069.hk_27/03/26,0.272,0.27,0.1581,-0.1618,0.0478,,,,-0.1691,False,,,3.5,62090,hk_prices_master.csv(tencent),
01073,大禹金融,2025-07-30,,供股_01073.hk_30/07/25,0.133,0.133,-0.0902,-0.1128,-0.2857,,,,-0.2857,False,,,378.9,9560,hk_prices_master.csv(tencent),
01079,松景科技,2025-12-04,2025-12-22,配股_01079.hk_04/12/25,0.33,0.34,-0.0152,-0.2273,-0.0303,0.0312,-0.0469,-0.1562,-0.2697,False,,,4.3,1798090,hk_prices_master.csv(tencent),
01079,松景科技,2026-07-16,,供股_01079.hk_16/07/26,0.255,0.265,-0.1922,-0.1922,-0.1922,,,,-0.2314,False,,,15.5,197160,hk_prices_master.csv(tencent),
01087,威訊控股,2026-05-13,2026-06-02,配股_01087.hk_13/05/26,0.79,0.84,0.3038,1.0759,1.0759,0.1143,1.5571,1.3429,-0.2152,False,,,2.8,690085,hk_prices_master.csv(tencent),
01091,南方錳業,2026-08-18,,配股_01091.hk_18/08/26,0.385,0.385,0.1818,0.1818,0.1818,,,,-0.039,False,,,8.3,776880,hk_prices_master.csv(tencent),
01094,承輝國際,2026-07-23,2026-08-18,配股_01094.hk_23/07/26,0.255,0.255,0.6667,0.2745,0.2745,-0.1279,-0.2442,-0.2442,-0.0588,False,,,4038.9,22915,hk_prices_master.csv(tencent),
01104,亞太資源,2026-05-28,,供股_01104.hk_28/05/26,,,,,,,,,,,,,,,hk_prices_master.csv(tencent),NO_PRICE_DATA
01119,創夢天地,2025-09-30,2025-10-24,配股_01119.hk_30/09/25,,,,,,,,,,,,,,,hk_prices_master.csv(tencent),NO_PRICE_DATA
01129,中國水業集團,2024-10-04,,供股_01129.hk_04/10/24,0.26,,-0.0538,0.0769,0.4038,,,,-0.1923,False,,,,,hk_prices_master.csv(tencent),
01129,中國水業集團,2024-11-06,,供股_01129.hk_06/11/24,0.26,,-0.0538,0.0769,0.4038,,,,-0.1923,False,,,,,hk_prices_master.csv(tencent),
01130,中國環境資源,2025-11-04,2025-12-02,配股_01130.hk_04/11/25,0.48,0.48,0.3542,0.0625,0.3542,0.1887,-0.0566,0.2642,0.0,False,,,31.8,161485,hk_prices_master.csv(tencent),
01140,華科智能投資,2025-10-30,2025-11-20,配股_01140.hk_30/10/25,0.195,0.191,-0.2769,-0.1641,-0.2256,-0.1353,0.0471,0.0353,-0.3231,False,,,4.0,1075980,hk_prices_master.csv(tencent),
01140,華科智能投資,2026-06-11,,供股_01140.hk_11/06/26,0.127,0.133,-0.2756,-0.2441,-0.2441,,,,-0.2756,False,,,16.1,645835,hk_prices_master.csv(tencent),
01142,能源及能量環球,2025-11-28,,配股_01142.hk_28/11/25,0.32,0.335,-0.3719,-0.6313,-0.65,,,,-0.6844,False,,,1.0,39728150,hk_prices_master.csv(tencent),
01142,能源及能量環球,2026-06-28,,配股_01142.hk_28/06/26,0.062,0.069,0.1129,0.1129,0.1129,,,,0.0,False,,,1.2,7437570,hk_prices_master.csv(tencent),
01143,中國儲能科技發展,2024-12-13,,供股_01143.hk_13/12/24,0.29,,0.2414,0.3966,0.4655,,,,-0.0517,False,,,,,hk_prices_master.csv(tencent),
01146,匯成國際控股,2026-05-26,,配股_01146.hk_26/05/26,0.043,0.043,0.2093,0.3023,0.3023,,,,0.0,False,,,26.7,60525,hk_prices_master.csv(tencent),
01152,正乾金融控股,2026-04-27,,配股_01152.hk_27/04/26,0.244,0.243,0.5779,0.0246,-0.041,,,,-0.0738,False,,,4.3,447795,hk_prices_master.csv(tencent),
01152,正乾金融控股,2026-05-26,2026-06-30,配股_01152.hk_26/05/26,nan,0.25,nan,nan,nan,-0.1719,-0.2687,-0.2687,nan,False,,,39.9,502970,hk_prices_master.csv(tencent),
01153,佳源服務,2026-04-15,2026-04-24,配股_01153.hk_15/04/26,0.265,0.265,0.1132,0.3019,0.6604,0.0429,-0.1429,-0.0286,0.0,False,,,95.7,13865,hk_prices_master.csv(tencent),
01156,CHINANEWENERGY,2026-06-25,2026-07-15,配股_01156.hk_25/06/26,0.205,0.21,0.439,0.439,0.439,0.2041,0.2041,0.2041,0.0,False,,,19.2,88200,hk_prices_master.csv(tencent),
01159,智數科技集團,2026-06-02,,配股_01159.hk_02/06/26,2.0,2.06,0.345,0.41,0.41,,,,0.0,False,,,9.1,218465,hk_prices_master.csv(tencent),
01160,金石資本集團,2026-08-18,,配股_01160.hk_18/08/26,0.48,0.48,-0.1042,-0.1042,-0.1042,,,,-0.2708,False,,,,0,hk_prices_master.csv(tencent),
01166,星凱控股,2025-12-03,2025-12-22,配股_01166.hk_03/12/25,0.34,0.34,1.4706,0.7647,0.6765,0.3276,0.3448,-0.0172,0.0,False,,,20181.6,1975,hk_prices_master.csv(tencent),
01177,中國生物製藥,2026-01-13,2026-03-30,配股_01177.hk_13/01/26,6.86,6.8,-0.1254,-0.1079,-0.2799,-0.0052,-0.0793,-0.2397,-0.3061,False,,,3.0,545559835,hk_prices_master.csv(tencent),
01201,天臣控股,2025-11-27,,配股_01201.hk_27/11/25,0.78,0.85,0.6923,3.0,1.8462,,,,-0.0513,False,,,70.7,18405,hk_prices_master.csv(tencent),
01201,天臣控股,2026-04-17,2026-08-06,配股_01201.hk_17/04/26,1.9,2.24,0.0368,0.3421,0.1053,,,,0.0,False,,,9.5,707090,hk_prices_master.csv(tencent),
01208,五礦資源,2024-06-04,,供股_01208.hk_04/06/24,2.37,,0.4852,0.6962,1.2616,,,,-0.0042,False,,,,,hk_prices_master.csv(tencent),
01208,五礦資源,2026-06-16,2026-06-23,配股_01208.hk_16/06/26,8.58,9.74,-0.0618,-0.007,-0.007,-0.0758,0.1137,0.1137,-0.211,False,,,5.2,422451310,hk_prices_master.csv(tencent),
01228,北海康成－Ｂ,2026-02-16,2026-03-11,配股_01228.hk_16/02/26,,,,,,,,,,,,,,,hk_prices_master.csv(tencent),NO_PRICE_DATA
01239,TEAMWAY INTL GP,2025-12-10,,配股_01239.hk_10/12/25,0.315,0.315,0.9683,0.1746,0.3651,,,,-0.0635,False,,,479.6,26755,hk_prices_master.csv(tencent),
01262,蠟筆小新食品,2026-02-05,2026-03-31,配股_01262.hk_05/02/26,4.62,4.45,-0.1558,-0.29,-0.4784,0.0505,-0.2287,-0.359,-0.5411,False,,,5.5,17810,hk_prices_master.csv(tencent),
01277,力量發展,2026-06-03,2026-06-10,配股_01277.hk_03/06/26,2.12,2.12,-0.2547,-0.1934,-0.1934,-0.1397,-0.0559,-0.0447,-0.283,False,,,4.1,42823890,hk_prices_master.csv(tencent),
01280,奇點國峰,2026-01-06,2026-02-04,配股_01280.hk_06/01/26,,,,,,,,,,,,,,,hk_prices_master.csv(tencent),NO_PRICE_DATA
01283,高陞集團控股,2025-09-30,2025-11-07,配股_01283.hk_30/09/25,,,,,,,,,,,,,,,hk_prices_master.csv(tencent),NO_PRICE_DATA
01286,鷹普精密,2026-05-27,2026-06-03,配股_01286.hk_27/05/26,9.96,10.53,-0.1667,-0.1837,-0.1837,-0.1028,-0.2528,-0.1644,-0.3273,False,,,17.5,34933890,hk_prices_master.csv(tencent),
01323,華盛國際控股,2026-06-11,2026-07-03,配股_01323.hk_11/06/26,0.135,0.133,0.6222,0.637,0.637,0.0667,0.1333,0.1333,0.0,False,,,2561.4,4420,hk_prices_master.csv(tencent),
01327,勵時集團,2024-12-02,,供股_01327.hk_02/12/24,0.16,,0.5938,2.8125,2.8125,,,,0.0,False,,,,,hk_prices_master.csv(tencent),
01327,勵時集團,2026-06-04,2026-06-25,配股_01327.hk_04/06/26,0.5,0.5,2.38,2.32,2.32,0.8023,0.9302,0.9302,0.0,False,,,102.0,105,hk_prices_master.csv(tencent),
01332,透雲生物,2026-08-25,,配股_01332.hk_25/08/26,0.15,0.15,0.0333,0.0333,0.0333,,,,-0.0667,False,,,7.6,104931,hk_prices_master.csv(tencent),
01333,博雷頓,2025-11-16,2025-11-24,配股_01333.hk_16/11/25,27.58,29.5,-0.0109,-0.2596,-0.3002,-0.0442,0.0713,-0.2093,-0.3405,False,,,4.5,10880345,hk_prices_master.csv(tencent),
01333,博雷頓,2026-07-26,2026-09-18,配股_01333.hk_26/07/26,11.6,10.97,0.0362,0.031,0.031,,,,-0.0784,False,,,5.3,15065705,hk_prices_master.csv(tencent),
01333,博雷頓,2026-09-13,,配股_01333.hk_13/09/26,11.94,12.34,0.0017,0.0017,0.0017,,,,-0.0318,False,,,2.0,13661585,hk_prices_master.csv(tencent),
01340,惠生國際,2026-05-20,2026-06-12,配股_01340.hk_20/05/26,0.456,0.408,0.2982,0.2939,0.2939,-0.3153,-0.4144,-0.3356,-0.0351,False,,,143.5,24040,hk_prices_master.csv(tencent),
01340,惠生國際,2026-09-15,,配股_01340.hk_15/09/26,,,,,,,,,,,,,,,hk_prices_master.csv(tencent),ANN_DATE_AFTER_LAST_PRICE
01341,昊天國際建投,2025-12-01,2025-12-10,配股_01341.hk_01/12/25,0.117,0.124,0.094,-0.4274,-0.7607,-0.037,0.1605,-0.5926,-0.7607,False,,,2.6,106664375,hk_prices_master.csv(tencent),
01355,生物系統工程,2024-11-21,,供股_01355.hk_21/11/24,0.077,,0.2078,0.2338,0.4545,,,,-0.0909,False,,,,,hk_prices_master.csv(tencent),
01355,生物系統工程,2026-06-24,,供股_01355.hk_24/06/26,0.116,0.115,0.5517,0.5517,0.5517,,,,-0.0431,False,,,6.7,31320,hk_prices_master.csv(tencent),
01361,３６１度,2026-04-28,2026-05-07,配股_01361.hk_28/04/26,5.387,6.807,-0.109,-0.1572,-0.1507,-0.1201,-0.2003,-0.1412,-0.2538,False,,,18.8,21964185,hk_prices_master.csv(tencent),
01372,中國碳中和,2026-01-08,2026-01-26,配股_01372.hk_08/01/26,,,,,,,,,,,,,,,hk_prices_master.csv(tencent),NO_PRICE_DATA
01372,中國碳中和,2026-03-06,,配股_01372.hk_06/03/26,,,,,,,,,,,,,,,hk_prices_master.csv(tencent),NO_PRICE_DATA
01372,中國碳中和,2026-05-13,2026-06-17,配股_01372.hk_13/05/26,,,,,,,,,,,,,,,hk_prices_master.csv(tencent),NO_PRICE_DATA
01378,中國宏橋,2025-11-18,2025-11-25,配股_01378.hk_18/11/25,28.75,30.65,0.1259,0.1677,0.2073,0.0748,0.1455,0.2141,-0.0306,False,,,18.1,799850840,hk_prices_master.csv(tencent),
01380,中國金石,2024-12-20,,供股_01380.hk_20/12/24,0.118,,0.5763,0.4915,0.6102,,,,-0.0254,False,,,,,hk_prices_master.csv(tencent),
01380,中國金石,2024-12-27,,供股_01380.hk_27/12/24,0.118,,0.5763,0.4915,0.6102,,,,-0.0254,False,,,,,hk_prices_master.csv(tencent),
01380,中國金石,2026-04-24,,配股_01380.hk_24/04/26,0.57,0.59,0.0,-0.0702,-0.193,,,,-0.2807,False,,,2.6,2346460,hk_prices_master.csv(tencent),
01384,滴普科技,2026-05-21,2026-05-28,配股_01384.hk_21/05/26,52.3,63.05,-0.3021,-0.2891,-0.418,-0.2835,-0.5101,-0.4927,-0.4532,False,,,2.3,113232000,hk_prices_master.csv(tencent),
01384,滴普科技,2026-08-13,2026-08-17,配股_01384.hk_13/08/26,36.78,36.36,-0.1724,-0.1724,-0.1724,-0.0791,-0.1808,-0.1808,-0.1794,False,,,1.1,189625750,hk_prices_master.csv(tencent),
01396,粵港灣智算,2024-09-02,,供股_01396.hk_02/09/24,1.68,,1.3333,nan,2.3869,,,,0.0,False,,,,,hk_prices_master.csv(tencent),
01396,粵港灣智算,2025-12-04,2025-12-12,配股_01396.hk_04/12/25,5.7,5.73,0.0175,0.0456,0.593,0.1535,0.226,0.4797,-0.2088,False,,,3.7,13348625,hk_prices_master.csv(tencent),
01396,粵港灣智算,2026-02-03,,配股_01396.hk_03/02/26,6.55,6.46,-0.0809,1.1634,1.0076,,,,-0.1557,False,,,3.9,12165260,hk_prices_master.csv(tencent),
01396,粵港灣智算,2026-06-29,2026-07-07,配股_01396.hk_29/06/26,14.4,13.8,-0.2701,-0.2701,-0.2701,-0.1094,-0.0649,-0.0649,-0.3646,False,,,1.3,54263345,hk_prices_master.csv(tencent),
01401,未來機器有限公司,2025-07-23,,供股_01401.hk_23/07/25,0.767,0.767,0.0821,-0.1134,-0.2177,,,,-0.322,False,,,9.9,2258270,hk_prices_master.csv(tencent),
01413,鑄帝控股,2025-11-10,2025-12-01,配股_01413.hk_10/11/25,0.45,0.45,-0.2489,-0.3,-0.3667,-0.2969,-0.3649,-0.3649,-0.3756,False,,,15.9,631300,hk_prices_master.csv(tencent),
01413,鑄帝控股,2026-04-14,,供股_01413.hk_14/04/26,0.271,0.278,-0.262,-0.3727,-0.3875,,,,-0.4022,False,,,42.3,179425,hk_prices_master.csv(tencent),
01416,CTR HOLDINGS,2026-07-21,,配股_01416.hk_21/07/26,0.18,0.18,0.0333,0.0056,0.0056,,,,-0.1111,False,,,45.5,93850,hk_prices_master.csv(tencent),
01421,恒昌集團國際,2024-03-22,,供股_01421.hk_22/03/24,0.3,,0.4667,0.8333,0.3,,,,-0.54,True,2025-05-15,,,,hk_prices_master.csv(tencent),
01421,恒昌集團國際,2026-01-06,2026-01-28,配股_01421.hk_06/01/26,0.42,0.4,-0.0476,-0.119,0.0,-0.1304,-0.2391,-0.1304,-0.2024,False,,,41.0,50150,hk_prices_master.csv(tencent),
01429,天任集團,2026-08-14,,配股_01429.hk_14/08/26,0.12,0.118,0.7083,0.7083,0.7083,,,,0.0,False,,,11.3,425900,hk_prices_master.csv(tencent),
01449,立德教育,2026-07-24,2026-08-14,配股_01449.hk_24/07/26,0.33,0.345,2.7424,3.2424,3.2424,0.8562,0.75,0.75,0.0,False,,,79.6,27820,hk_prices_master.csv(tencent),
01452,迪諾斯環保,2026-07-10,,配股_01452.hk_10/07/26,0.164,0.164,-0.0122,0.2683,0.2683,,,,-0.0366,False,,,109.9,5700,hk_prices_master.csv(tencent),
01466,佰金生命科學,2025-09-29,2025-11-28,配股_01466.hk_29/09/25,0.56,0.56,0.0179,-0.0714,-0.0357,-0.1316,0.0702,-0.0877,-0.125,False,,,16.8,96240,hk_prices_master.csv(tencent),
01468,嘉高達資本,2024-10-18,,供股_01468.hk_18/10/24,1.135,,0.1233,0.1454,0.022,,,,-0.1322,False,,,,,hk_prices_master.csv(tencent),
01468,嘉高達資本,2026-03-09,2026-05-07,配股_01468.hk_09/03/26,0.445,0.45,-0.2697,-0.2584,-0.5416,-0.1029,-0.0588,-0.4706,-0.5933,False,,,9.4,281060,hk_prices_master.csv(tencent),
01483,網譽科技,2026-01-30,2026-02-26,配股_01483.hk_30/01/26,1.08,1.06,0.0741,0.2593,0.0556,0.0263,0.0877,0.1316,0.0,False,,,266.6,4100,hk_prices_master.csv(tencent),
01486,思城控股,2025-04-29,,供股_01486.hk_29/04/25,0.23,,0.0043,-0.2348,0.3478,,,,-0.2348,False,,,,,hk_prices_master.csv(tencent),
01501,瑛泰醫療,2026-01-14,2026-01-22,配股_01501.hk_14/01/26,,,,,,,,,,,,,,,hk_prices_master.csv(tencent),NO_PRICE_DATA
01519,極兔速遞－Ｗ,2026-01-15,2026-02-05,配股_01519.hk_15/01/26,11.83,11.74,-0.1758,-0.1124,-0.2291,-0.0402,-0.1187,-0.1047,-0.2849,False,,,2.6,222881800,hk_prices_master.csv(tencent),
01520,天機控股,2026-01-21,2026-08-28,配股_01520.hk_21/01/26,0.87,0.93,-0.1954,-0.2184,-0.2874,,,,-0.4023,False,,,1.9,3762285,hk_prices_master.csv(tencent),
01529,樂氏國際控股,2025-02-14,,供股_01529.hk_14/02/25,0.385,,0.0519,-0.1948,0.2468,,,,-0.2597,False,,,,,hk_prices_master.csv(tencent),
01530,三生製藥,2025-12-02,2025-12-09,配股_01530.hk_02/12/25,29.97,31.43,-0.1248,-0.3524,-0.1822,-0.119,-0.1355,-0.2237,-0.3524,False,,,2.1,1163010750,hk_prices_master.csv(tencent),
01536,煜榮集團,2026-07-24,,供股_01536.hk_24/07/26,0.137,0.138,0.0365,0.0365,0.0365,,,,-0.0292,False,,,4.3,56450,hk_prices_master.csv(tencent),
01539,知行集團控股,2026-08-06,,配股_01539.hk_06/08/26,0.335,0.34,-0.1194,-0.1194,-0.1194,,,,-0.1194,False,,,54.0,85000,hk_prices_master.csv(tencent),
01541,宜明昂科－Ｂ,2025-10-09,2025-10-16,配股_01541.hk_09/10/25,,,,,,,,,,,,,,,hk_prices_master.csv(tencent),NO_PRICE_DATA
01548,金斯瑞生物科技,2026-09-11,,配股_01548.hk_11/09/26,,,,,,,,,,,,,,,hk_prices_master.csv(tencent),ANN_DATE_AFTER_LAST_PRICE
01559,均安控股,2026-01-26,,供股_01559.hk_26/01/26,0.08,0.081,-0.0375,-0.3375,-0.3875,,,,-0.3875,False,,,151.0,830,hk_prices_master.csv(tencent),
01568,承達集團,2026-05-05,2026-05-21,配股_01568.hk_05/05/26,,,,,,,,,,,,,,,hk_prices_master.csv(tencent),NO_PRICE_DATA
01575,皇庭智家,2026-02-05,2026-02-25,配股_01575.hk_05/02/26,0.05,0.05,0.18,-0.08,-0.22,-0.0476,-0.1111,-0.3333,-0.22,False,,,1031.1,1910,hk_prices_master.csv(tencent),
01580,大森控股,2026-09-18,,配股_01580.hk_18/09/26,,,,,,,,,,,,,,,hk_prices_master.csv(tencent),ANN_DATE_AFTER_LAST_PRICE
01591,汛和集團,2025-12-12,,供股_01591.hk_12/12/25,0.148,0.144,-0.0338,-0.1014,-0.1149,,,,-0.1216,False,,,33.9,26390,hk_prices_master.csv(tencent),
01592,基石控股,2026-01-14,,供股_01592.hk_14/01/26,0.114,0.113,0.0175,0.2895,1.807,,,,-0.0088,False,,,3.6,152415,hk_prices_master.csv(tencent),
01613,協同通信,2025-10-15,,供股_01613.hk_15/10/25,0.16,0.16,0.025,0.1375,-0.125,,,,-0.125,False,,,17.0,13105,hk_prices_master.csv(tencent),
01613,協同通信,2026-03-05,2026-06-29,配股_01613.hk_05/03/26,0.135,0.127,0.2222,0.3037,2.7037,0.1687,1.0964,1.0964,0.0,False,,,70.9,25240,hk_prices_master.csv(tencent),
01626,嘉耀控股,2026-08-12,,配股_01626.hk_12/08/26,25.58,26.12,-0.0031,-0.0031,-0.0031,,,,-0.4281,False,,,2.2,14319000,hk_prices_master.csv(tencent),
01628,禹洲集團,2024-11-01,,供股_01628.hk_01/11/24,0.518,,0.0618,-0.1892,-0.4208,,,,-0.4208,False,,,,,hk_prices_master.csv(tencent),
01631,REF HOLDINGS,2026-05-12,2026-05-27,配股_01631.hk_12/05/26,0.57,0.57,1.0877,1.3684,1.3684,-0.0265,-0.0728,-0.106,0.0,False,,,,6965,hk_prices_master.csv(tencent),
01655,OKURA HOLDINGS,2025-11-07,2025-12-15,配股_01655.hk_07/11/25,0.157,0.169,0.2994,0.4076,0.3057,-0.2321,0.0268,-0.0268,0.0,False,,,958.2,30000,hk_prices_master.csv(tencent),
01655,OKURA HOLDINGS,2026-01-23,2026-02-13,配股_01655.hk_23/01/26,0.17,0.171,0.4647,0.3294,0.2059,0.0335,-0.0335,-0.0962,0.0,False,,,92.4,51700,hk_prices_master.csv(tencent),
01672,歌禮製藥－Ｂ,2026-02-03,2026-02-10,配股_01672.hk_03/02/26,13.08,12.69,0.0826,0.292,-0.263,-0.1715,-0.0163,0.0082,-0.2844,False,,,5.7,44488850,hk_prices_master.csv(tencent),
01676,高地股份,2024-10-18,,供股_01676.hk_18/10/24,,,,,,,,,,,,,,,hk_prices_master.csv(tencent),NO_PRICE_DATA
01676,高地股份,2025-12-09,2025-12-30,配股_01676.hk_09/12/25,,,,,,,,,,,,,,,hk_prices_master.csv(tencent),NO_PRICE_DATA
01676,高地股份,2026-03-11,2026-03-27,配股_01676.hk_11/03/26,,,,,,,,,,,,,,,hk_prices_master.csv(tencent),NO_PRICE_DATA
01676,高地股份,2026-06-05,,供股_01676.hk_05/06/26,,,,,,,,,,,,,,,hk_prices_master.csv(tencent),NO_PRICE_DATA
01679,瑞斯康集團,2025-06-17,,供股_01679.hk_17/06/25,0.524,0.523,0.187,0.5076,0.0687,,,,0.0,False,,,21.4,14600,hk_prices_master.csv(tencent),
01679,瑞斯康集團,2026-05-27,,配股_01679.hk_27/05/26,0.52,0.54,2.2885,1.4808,1.4808,,,,0.0,False,,,23.9,244330,hk_prices_master.csv(tencent),
01680,澳門勵駿,2025-10-03,,供股_01680.hk_03/10/25,0.467,0.473,-0.3469,-0.3362,-0.4325,,,,-0.4325,False,,,19.2,92120,hk_prices_master.csv(tencent),
01682,杭品生活科技,2026-03-09,,供股_01682.hk_09/03/26,0.102,0.102,0.1961,1.1961,0.7059,,,,0.0,False,,,233.6,2805,hk_prices_master.csv(tencent),
01693,璋利國際,2025-12-31,2026-01-26,配股_01693.hk_31/12/25,2.35,2.35,1.0553,0.8936,2.2553,0.2448,0.2629,1.1701,-0.1277,False,,,,10420,hk_prices_master.csv(tencent),
01693,璋利國際,2026-01-06,,配股_01693.hk_06/01/26,2.05,2.35,1.5317,1.5073,2.8098,,,,0.0,False,,,,9020,hk_prices_master.csv(tencent),
01693,璋利國際,2026-01-12,2026-01-26,配股_01693.hk_12/01/26,2.25,2.25,1.1778,1.5333,2.6044,0.2448,0.2629,1.1701,0.0,False,,,,10420,hk_prices_master.csv(tencent),
01703,誼和股份,2026-03-15,2026-04-13,配股_01703.hk_15/03/26,1.09,0.73,-0.4862,-0.4037,-0.1009,-0.3636,-0.1705,-0.2045,-0.6239,False,,,16.0,30000,hk_prices_master.csv(tencent),
01703,誼和股份,2026-07-29,,供股_01703.hk_29/07/26,0.98,0.94,1.1429,1.1429,1.1429,,,,0.0,False,,,38.4,247500,hk_prices_master.csv(tencent),
01709,德林控股,2025-10-21,,配股_01709.hk_21/10/25,,,,,,,,,,,,,,,hk_prices_master.csv(tencent),NO_PRICE_DATA
01709,德林控股,2025-12-07,2026-01-13,配股_01709.hk_07/12/25,,,,,,,,,,,,,,,hk_prices_master.csv(tencent),NO_PRICE_DATA
01715,智慧健康科技,2025-03-07,,供股_01715.hk_07/03/25,0.263,,0.3308,0.3498,0.1977,,,,-0.0114,False,,,,,hk_prices_master.csv(tencent),
01716,毛記葵涌,2026-07-07,,配股_01716.hk_07/07/26,6.28,5.33,-0.2779,-0.3726,-0.3726,,,,-0.3726,False,,,2.2,18258610,hk_prices_master.csv(tencent),
01718,宏基集團控股,2025-01-17,,供股_01718.hk_17/01/25,0.255,,-0.0392,-0.0235,0.1373,,,,-0.1686,False,,,,,hk_prices_master.csv(tencent),
01718,宏基集團控股,2026-02-03,2026-02-27,配股_01718.hk_03/02/26,0.285,0.3,0.4737,0.2632,0.2456,-0.0581,-0.186,-0.2326,0.0,False,,,33.0,126100,hk_prices_master.csv(tencent),
01725,中國技術集團,2025-12-05,,配股_01725.hk_05/12/25,0.7,0.72,0.2857,0.0286,-0.0714,,,,-0.1429,False,,,2.9,4414100,hk_prices_master.csv(tencent),
01725,中國技術集團,2026-08-18,,配股_01725.hk_18/08/26,0.33,0.345,-0.197,-0.197,-0.197,,,,-0.197,False,,,4.8,1477110,hk_prices_master.csv(tencent),
01726,HKE HOLDINGS,2026-02-04,2026-02-26,配股_01726.hk_04/02/26,,,,,,,,,,,,,,,hk_prices_master.csv(tencent),NO_PRICE_DATA
01728,正通汽車,2026-06-30,,配股_01728.hk_30/06/26,,,,,,,,,,,,,,,hk_prices_master.csv(tencent),NO_PRICE_DATA
01729,匯聚科技,2026-02-10,2026-02-20,配股_01729.hk_10/02/26,17.876,17.876,-0.1041,0.1701,-0.0619,0.0491,0.112,0.1518,-0.2047,False,,,7.0,120883315,hk_prices_master.csv(tencent),
01729,匯聚科技,2026-05-12,2026-05-19,配股_01729.hk_12/05/26,21.856,24.276,-0.1018,-0.3238,-0.3238,-0.155,-0.2245,-0.2553,-0.451,False,,,4.1,242150070,hk_prices_master.csv(tencent),
01736,中國育兒網絡,2025-12-29,2026-01-19,配股_01736.hk_29/12/25,0.5,0.54,0.2,-0.12,-0.06,0.0169,-0.1186,-0.2712,-0.14,False,,,19.4,8225,hk_prices_master.csv(tencent),
01736,中國育兒網絡,2026-06-17,2026-07-06,配股_01736.hk_17/06/26,0.405,0.4,0.037,0.0247,0.0247,0.022,-0.0879,-0.0879,0.0,False,,,194.1,0,hk_prices_master.csv(tencent),
01745,驢跡科技,2025-06-02,,供股_01745.hk_02/06/25,11.833,12.0,-0.2056,-0.2521,-0.2648,,,,-0.3239,False,,,10.1,790600,hk_prices_master.csv(tencent),
01745,驢跡科技,2026-09-16,,配股_01745.hk_16/09/26,,,,,,,,,,,,,,,hk_prices_master.csv(tencent),ANN_DATE_AFTER_LAST_PRICE
01747,HOME CONTROL,2025-11-18,2025-11-25,配股_01747.hk_18/11/25,,,,,,,,,,,,,,,hk_prices_master.csv(tencent),NO_PRICE_DATA
01751,智算能建,2025-12-12,2026-01-02,配股_01751.hk_12/12/25,1.783,1.76,0.0292,-0.1363,-0.1307,-0.0113,-0.1082,-0.2526,-0.2428,False,,,7.9,117625,hk_prices_master.csv(tencent),
01751,智算能建,2026-03-06,,供股_01751.hk_06/03/26,1.58,1.595,-0.0759,-0.2152,-0.538,,,,-0.538,False,,,1.2,2967410,hk_prices_master.csv(tencent),
01751,智算能建,2026-08-17,,供股_01751.hk_17/08/26,,,,,,,,,,,,,,,hk_prices_master.csv(tencent),ANN_DATE_AFTER_LAST_PRICE
01762,萬咖壹聯,2026-03-12,2026-03-24,配股_01762.hk_12/03/26,,,,,,,,,,,,,,,hk_prices_master.csv(tencent),NO_PRICE_DATA
01765,希教國際控股,2025-07-10,,供股_01765.hk_10/07/25,,,,,,,,,,,,,,,hk_prices_master.csv(tencent),NO_PRICE_DATA
01765,希教國際控股,2025-07-30,,供股_01765.hk_30/07/25,,,,,,,,,,,,,,,hk_prices_master.csv(tencent),NO_PRICE_DATA
01769,思考樂教育,2025-10-15,2025-10-24,配股_01769.hk_15/10/25,2.53,2.57,-0.0158,-0.1344,-0.2134,-0.1013,-0.2722,-0.3639,-0.2569,False,,,26.2,5584355,hk_prices_master.csv(tencent),
01776,廣發証券,2026-01-07,2026-01-14,配股_01776.hk_07/01/26,18.425,19.235,-0.0586,-0.2193,-0.1509,-0.0388,-0.0976,-0.0713,-0.2497,False,,,9.1,177488150,hk_prices_master.csv(tencent),
01778,彩生活,2025-01-27,,供股_01778.hk_27/01/25,0.168,,0.0119,0.1071,0.3274,,,,-0.0833,False,,,,,hk_prices_master.csv(tencent),
01782,國際商業數字技術,2025-11-20,2025-12-08,配股_01782.hk_20/11/25,,,,,,,,,,,,,,,hk_prices_master.csv(tencent),NO_PRICE_DATA
01783,晉景新能,2025-10-17,,配股_01783.hk_17/10/25,3.06,3.09,0.0261,0.0425,0.0327,,,,-0.0556,False,,,8.8,10134825,hk_prices_master.csv(tencent),
01783,晉景新能,2026-06-29,,配股_01783.hk_29/06/26,6.05,5.62,-0.2041,-0.3017,-0.3017,,,,-0.3835,False,,,6.7,25278825,hk_prices_master.csv(tencent),
01783,晉景新能,2026-08-11,2026-08-20,配股_01783.hk_11/08/26,4.815,5.21,-0.1225,-0.1225,-0.1225,-0.0976,-0.1225,-0.1225,-0.1298,False,,,13.4,35657150,hk_prices_master.csv(tencent),
01792,CMON,2025-10-18,,配股_01792.hk_18/10/25,0.896,0.791,-0.029,-0.0681,0.0134,,,,-0.3103,False,,,70.0,33810,hk_prices_master.csv(tencent),
01792,CMON,2026-01-19,2026-02-12,配股_01792.hk_19/01/26,0.848,0.835,0.1203,0.0672,0.0613,-0.0311,0.0,-0.057,0.0,False,,,18.4,124570,hk_prices_master.csv(tencent),
01792,CMON,2026-06-18,,供股_01792.hk_18/06/26,0.853,0.845,0.0082,-0.0035,-0.0035,,,,-0.0328,False,,,30.7,64620,hk_prices_master.csv(tencent),
01796,中國數智科技,2026-02-13,,配股_01796.hk_13/02/26,3.08,2.95,-0.4838,-0.8588,-0.8831,,,,-0.8977,True,2026-04-09,,5.3,3214490,hk_prices_master.csv(tencent),
01801,信達生物,2025-10-22,2025-12-05,配股_01801.hk_22/10/25,85.2,86.9,0.098,-0.0235,-0.0223,-0.1223,-0.1011,-0.1114,-0.105,False,,,4.8,1681381650,hk_prices_master.csv(tencent),
01803,北京體育文化,2026-05-12,,配股_01803.hk_12/05/26,0.106,0.09,-0.1981,-0.2925,-0.2925,,,,-0.3868,False,,,7404.1,240,hk_prices_master.csv(tencent),
01808,企展控股,2026-05-15,,配股_01808.hk_15/05/26,1.34,1.37,0.7388,0.8694,0.8694,,,,-0.0672,False,,,8.1,75670,hk_prices_master.csv(tencent),
01815,珠峰黃金,2025-11-19,,配股_01815.hk_19/11/25,,,,,,,,,,,,,,,hk_prices_master.csv(tencent),NO_PRICE_DATA
01822,中木國際,2024-11-19,,供股_01822.hk_19/11/24,0.128,,0.0,0.0703,0.4453,,,,-0.1172,False,,,,,hk_prices_master.csv(tencent),
01822,中木國際,2025-10-21,2025-11-13,配股_01822.hk_21/10/25,0.111,0.118,0.4685,0.3153,0.3874,0.0733,0.0,0.0133,0.0,False,,,33.3,35290,hk_prices_master.csv(tencent),
01822,中木國際,2026-06-18,,供股_01822.hk_18/06/26,0.137,0.135,0.2044,0.2044,0.2044,,,,-0.0803,False,,,5.2,3040,hk_prices_master.csv(tencent),
01823,華昱高速,2026-02-11,2026-03-05,配股_01823.hk_11/02/26,1.09,1.09,0.5413,0.5138,0.2936,0.2411,0.1277,0.0213,0.0,False,,,15.1,258880,hk_prices_master.csv(tencent),
01825,STERLING GP,2025-12-29,2026-01-22,配股_01825.hk_29/12/25,0.93,0.97,-0.0323,0.0753,-0.2473,-0.1818,-0.1909,-0.3545,-0.3011,False,,,137.5,13005,hk_prices_master.csv(tencent),
01825,STERLING GP,2026-09-04,,配股_01825.hk_04/09/26,,,,,,,,,,,,,,,hk_prices_master.csv(tencent),ANN_DATE_AFTER_LAST_PRICE
01826,豐展控股,2026-01-12,2026-02-11,配股_01826.hk_12/01/26,0.16,0.163,-0.0813,-0.0625,-0.4188,0.0136,-0.0476,-0.2857,-0.425,False,,,18.5,15690,hk_prices_master.csv(tencent),
01826,豐展控股,2026-05-29,,供股_01826.hk_29/05/26,0.117,0.093,0.0342,0.2222,0.2222,,,,-0.094,False,,,7.2,36580,hk_prices_master.csv(tencent),
01835,瑞威資管,2026-06-30,,配股_01835.hk_30/06/26,nan,nan,nan,nan,nan,,,,nan,False,,,nan,0,hk_prices_master.csv(tencent),
01842,植華集團,2026-06-30,,配股_01842.hk_30/06/26,0.039,0.039,-0.0256,-0.0256,-0.0256,,,,-0.1026,False,,,44.7,12900,hk_prices_master.csv(tencent),
01850,美好生活集團控股,2024-12-19,,供股_01850.hk_19/12/24,0.612,,-0.0049,-0.0294,0.1438,,,,-0.0392,False,,,,,hk_prices_master.csv(tencent),
01865,鵬高控股集團,2024-07-19,,供股_01865.hk_19/07/24,0.295,,-0.0339,-0.0847,-0.1525,,,,-0.1593,False,,,,,hk_prices_master.csv(tencent),
01865,鵬高控股集團,2026-08-10,2026-08-24,配股_01865.hk_10/08/26,0.405,0.4,0.037,0.037,0.037,0.0,0.012,0.012,-0.0617,False,,,2.6,2016810,hk_prices_master.csv(tencent),
01869,貓屎咖啡控股,2026-06-16,2026-07-14,配股_01869.hk_16/06/26,0.091,0.093,-0.4176,-0.4066,-0.3516,-0.4444,-0.4949,-0.404,-0.4945,False,,,629.9,10115,hk_prices_master.csv(tencent),
01869,貓屎咖啡控股,2026-08-12,,配股_01869.hk_12/08/26,0.047,0.047,0.2553,0.2553,0.2553,,,,0.0,False,,,9.2,42435,hk_prices_master.csv(tencent),
01870,綠色電能集團,2025-12-09,2025-12-19,配股_01870.hk_09/12/25,0.55,0.54,-0.1182,-0.1818,-0.1273,-0.0769,0.0192,-0.2019,-0.3273,False,,,12.4,785905,hk_prices_master.csv(tencent),
01870,綠色電能集團,2026-07-17,,配股_01870.hk_17/07/26,0.212,0.218,-0.1274,0.3443,0.3443,,,,-0.1557,False,,,3.0,530325,hk_prices_master.csv(tencent),
01872,冠轈控股,2024-07-12,,供股_01872.hk_12/07/24,,,,,,,,,,,,,,,hk_prices_master.csv(tencent),NO_PRICE_DATA
01880,中國中免,2026-01-20,2026-03-19,配股_01880.hk_20/01/26,90.133,86.883,-0.1881,-0.2663,-0.3867,-0.0494,-0.1512,-0.2449,-0.4277,False,,,3.6,213766340,hk_prices_master.csv(tencent),
01894,恒益控股,2025-12-11,,供股_01894.hk_11/12/25,0.496,0.496,-0.0484,0.4113,-0.3145,,,,-0.6169,True,2026-04-08,,80.6,36050,hk_prices_master.csv(tencent),
01894,恒益控股,2026-07-07,,配股_01894.hk_07/07/26,0.46,0.48,-0.0217,0.3043,0.3043,,,,-0.0435,False,,,11.3,428400,hk_prices_master.csv(tencent),
01906,博尼控股,2024-06-19,,供股_01906.hk_19/06/24,,,,,,,,,,,,,,,hk_prices_master.csv(tencent),NO_PRICE_DATA
01909,火岩控股,2025-10-05,,供股_01909.hk_05/10/25,1.913,1.847,-0.1113,-0.1845,0.4898,,,,-0.2054,False,,,21.4,72680,hk_prices_master.csv(tencent),
01912,康特隆,2026-06-08,,配股_01912.hk_08/06/26,nan,nan,nan,nan,nan,,,,nan,False,,,nan,8845,hk_prices_master.csv(tencent),
01918,融創中國,2026-08-24,,配股_01918.hk_24/08/26,0.545,0.56,0.0183,0.0183,0.0183,,,,-0.0092,False,,,5.9,124984134,hk_prices_master.csv(tencent),
01920,巨美集團,2025-11-10,,配股_01920.hk_10/11/25,0.38,0.395,0.0526,0.3947,2.0263,,,,0.0,False,,,23.7,553725,hk_prices_master.csv(tencent),
01920,巨美集團,2026-06-15,2026-06-26,配股_01920.hk_15/06/26,0.5,0.52,-0.13,-0.1,-0.1,0.0,-0.1818,-0.1818,-0.16,False,,,3.5,2143965,hk_prices_master.csv(tencent),
01921,達力普控股,2026-04-28,2026-05-07,配股_01921.hk_28/04/26,5.3,6.0,-0.4189,-0.3906,-0.3528,-0.2725,-0.3557,-0.2079,-0.4736,False,,,11.4,38606940,hk_prices_master.csv(tencent),
01939,上善黃金,2025-09-30,2025-11-06,配股_01939.hk_30/09/25,,,,,,,,,,,,,,,hk_prices_master.csv(tencent),NO_PRICE_DATA
01942,馬可數字科技,2026-05-21,,供股_01942.hk_21/05/26,0.117,0.121,-0.3419,-0.3675,-0.3675,,,,-0.3846,False,,,3.5,889685,hk_prices_master.csv(tencent),
01943,金石控股集團,2026-06-25,2026-07-21,配股_01943.hk_25/06/26,0.67,0.63,0.2612,0.2612,0.2612,0.0696,0.0696,0.0696,0.0,False,,,7.5,1527950,hk_prices_master.csv(tencent),
01949,佰達國際控股,2026-06-26,,配股_01949.hk_26/06/26,0.42,0.45,0.3095,0.3095,0.3095,,,,0.0,False,,,55.7,11280,hk_prices_master.csv(tencent),
01950,帝王實業控股,2026-06-30,,配股_01950.hk_30/06/26,0.106,0.105,0.0,0.0,0.0,,,,-0.0472,False,,,9.7,38375,hk_prices_master.csv(tencent),
01961,多牛科技,2026-03-04,,配股_01961.hk_04/03/26,0.305,0.305,-0.6754,-0.6754,-0.6754,,,,-0.6754,True,2026-03-30,,201.6,6785,hk_prices_master.csv(tencent),
01966,中駿集團控股,2026-04-13,,配股_01966.hk_13/04/26,0.063,0.066,-0.0476,-0.3016,-0.3968,,,,-0.3968,False,,,4.4,54755,hk_prices_master.csv(tencent),
01985,美高域,2026-07-06,,配股_01985.hk_06/07/26,3.46,3.31,-0.1185,-0.2775,-0.2775,,,,-0.2775,False,,,2.1,67880,hk_prices_master.csv(tencent),
01991,大洋集團,2026-02-05,,供股_01991.hk_05/02/26,0.71,0.82,-0.2817,nan,-0.2254,,,,-0.3169,False,,,6.5,680415,hk_prices_master.csv(tencent),
02007,碧桂園,2025-12-22,2026-04-14,配股_02007.hk_22/12/25,0.44,0.455,-0.3523,-0.2727,-0.375,-0.0508,-0.2915,-0.3695,-0.3977,False,,,2.9,65883280,hk_prices_master.csv(tencent),
02012,陽光油砂,2025-10-22,,配股_02012.hk_22/10/25,0.43,0.45,0.0465,-0.0349,-0.1047,,,,-0.2209,False,,,2.1,667335,hk_prices_master.csv(tencent),
02012,陽光油砂,2025-12-21,,配股_02012.hk_21/12/25,0.45,0.4,-0.1222,-0.1556,-0.2444,,,,-0.2556,False,,,2.2,946965,hk_prices_master.csv(tencent),
02012,陽光油砂,2026-09-06,,配股_02012.hk_06/09/26,,,,,,,,,,,,,,,hk_prices_master.csv(tencent),ANN_DATE_AFTER_LAST_PRICE
02028,映美控股,2026-05-26,2026-07-14,配股_02028.hk_26/05/26,0.133,0.133,12.9098,9.6015,9.6015,-0.3084,-0.3789,-0.3789,0.0,False,,,25087.8,19995,hk_prices_master.csv(tencent),
02028,映美控股,2026-06-29,2026-07-14,配股_02028.hk_29/06/26,0.89,0.93,0.5843,0.5843,0.5843,-0.3084,-0.3789,-0.3789,0.0,False,,,41.4,23295,hk_prices_master.csv(tencent),
02110,天成控股,2025-10-10,2025-11-21,配股_02110.hk_10/10/25,0.116,0.121,0.2672,-0.1724,-0.2155,-0.3311,-0.3378,-0.3581,-0.2414,True,2025-12-05,,235.3,8510,hk_prices_master.csv(tencent),
02110,天成控股,2026-04-15,2026-05-11,配股_02110.hk_15/04/26,0.105,0.103,-0.1143,-0.1429,-0.2857,-0.177,-0.1327,-0.3363,-0.2952,False,,,862.0,50310,hk_prices_master.csv(tencent),
02113,世紀集團國際,2026-09-02,,MANUAL_02113_02/09/26,6.7,4.94,0.406,0.406,0.406,,,,-0.0448,False,,2026-09-14,141.8,41450,hk_prices_master.csv(tencent),
02135,瑞麗醫美,2024-02-26,,供股_02135.hk_26/02/24,0.118,,0.0508,0.0508,-0.0424,,,,-0.1017,False,,,,,hk_prices_master.csv(tencent),
02147,正味集團,2025-12-30,2026-01-22,配股_02147.hk_30/12/25,0.86,0.042,-0.186,-0.2558,-0.4767,-0.1026,-0.1538,-0.391,-0.4826,False,,,3.7,253865,hk_prices_master.csv(tencent),
02147,正味集團,2026-08-03,,供股_02147.hk_03/08/26,0.56,0.59,-0.0179,-0.0179,-0.0179,,,,-0.0179,False,,,33.7,27240,hk_prices_master.csv(tencent),
02159,麥迪衛康,2026-03-30,2026-06-26,配股_02159.hk_30/03/26,2.0,2.09,-0.135,-0.19,-0.125,-0.0129,0.129,0.129,-0.275,False,,,6.7,222750,hk_prices_master.csv(tencent),
02160,微創心通－Ｂ,2025-09-29,,配股_02160.hk_29/09/25,,,,,,,,,,,,,,,hk_prices_master.csv(tencent),NO_PRICE_DATA
02166,芯智控股,2026-06-22,2026-07-13,配股_02166.hk_22/06/26,,,,,,,,,,,,,,,hk_prices_master.csv(tencent),NO_PRICE_DATA
02171,科濟藥業－Ｂ,2026-05-15,2026-05-26,配股_02171.hk_15/05/26,19.72,21.92,-0.2769,-0.3256,-0.3256,-0.1571,-0.1829,-0.2536,-0.3702,False,,,8.0,44228100,hk_prices_master.csv(tencent),
02175,中國通才教育,2025-11-06,,配股_02175.hk_06/11/25,,,,,,,,,,,,,,,hk_prices_master.csv(tencent),NO_PRICE_DATA
02187,智欣集團控股,2026-01-26,2026-03-20,配股_02187.hk_26/01/26,0.8,0.78,0.0,-0.0625,-0.2125,-0.0112,-0.1348,-0.3483,-0.2125,False,,,12.0,104550,hk_prices_master.csv(tencent),
02211,大健康國際,2026-07-17,,供股_02211.hk_17/07/26,0.415,0.42,0.9036,0.9036,0.9036,,,,0.0,False,,,228.3,91290,hk_prices_master.csv(tencent),
02216,堃博醫療－Ｂ,2025-10-10,,配股_02216.hk_10/10/25,,,,,,,,,,,,,,,hk_prices_master.csv(tencent),NO_PRICE_DATA
02221,創業集團控股,2025-12-23,2026-02-06,配股_02221.hk_23/12/25,0.94,0.91,-0.0213,0.0,-0.0426,0.0435,0.0217,-0.0217,-0.0426,False,,,7.4,200970,hk_prices_master.csv(tencent),
02221,創業集團控股,2026-09-03,,配股_02221.hk_03/09/26,,,,,,,,,,,,,,,hk_prices_master.csv(tencent),ANN_DATE_AFTER_LAST_PRICE
02221,創業集團控股,2026-09-10,,配股_02221.hk_10/09/26,,,,,,,,,,,,,,,hk_prices_master.csv(tencent),ANN_DATE_AFTER_LAST_PRICE
02250,小黃鴨德盈,2025-09-30,,配股_02250.hk_30/09/25,1.27,1.27,-0.2047,-0.252,-0.3622,,,,-0.3701,False,,,0.9,1843120,hk_prices_master.csv(tencent),
02250,小黃鴨德盈,2026-01-28,2026-02-25,配股_02250.hk_28/01/26,0.82,0.8,-0.1341,-0.2317,-0.5488,-0.1013,-0.2025,-0.2405,-0.5488,False,,,21.4,184285,hk_prices_master.csv(tencent),
02256,和譽－Ｂ,2026-04-21,2026-04-28,配股_02256.hk_21/04/26,13.76,13.29,-0.3307,-0.2311,-0.2776,-0.2447,-0.338,-0.2278,-0.3677,False,,,2.1,18164350,hk_prices_master.csv(tencent),
02257,聖諾醫藥－Ｂ,2026-05-25,2026-08-12,配股_02257.hk_25/05/26,6.05,5.54,-0.2446,-0.324,-0.324,,,,-0.3587,False,,,4.6,1090500,hk_prices_master.csv(tencent),
02271,眾安智慧生活,2026-02-10,2026-02-27,配股_02271.hk_10/02/26,,,,,,,,,,,,,,,hk_prices_master.csv(tencent),NO_PRICE_DATA
02276,康耐特光學,2026-01-27,2026-02-03,配股_02276.hk_27/01/26,60.72,58.27,-0.0881,-0.2031,-0.3684,0.0065,-0.1346,-0.2063,-0.3714,False,,,3.9,81449490,hk_prices_master.csv(tencent),
02312,ＬＯＮＧ投資集團,2025-10-06,,配股_02312.hk_06/10/25,1.72,1.28,-0.2907,-0.4012,-0.4477,,,,-0.4942,False,,,10.8,8808270,hk_prices_master.csv(tencent),
02312,ＬＯＮＧ投資集團,2026-04-17,2026-05-04,配股_02312.hk_17/04/26,0.77,0.64,-0.4221,-0.5195,-0.5065,-0.1571,-0.4429,-0.5286,-0.5844,False,,,28.7,522900,hk_prices_master.csv(tencent),
02322,新質數字,2025-11-17,,配股_02322.hk_17/11/25,0.12,0.129,0.025,-0.0667,-0.275,,,,-0.3083,False,,,5.1,1572130,hk_prices_master.csv(tencent),
02324,首都創投,2025-08-13,,供股_02324.hk_13/08/25,0.143,0.14,-0.0699,-0.1049,-0.042,,,,-0.1469,False,,,6.6,57370,hk_prices_master.csv(tencent),
02330,中國上城,2024-04-08,,供股_02330.hk_08/04/24,0.135,,-0.1852,-0.3333,0.0074,,,,-0.3926,False,,,,,hk_prices_master.csv(tencent),
02330,中國上城,2025-10-17,2025-10-28,配股_02330.hk_17/10/25,0.27,0.195,-0.4704,-0.237,0.0185,0.8868,-0.3962,-0.0642,-0.4815,True,2025-11-27,,130.8,13965,hk_prices_master.csv(tencent),
02330,中國上城,2026-08-05,,配股_02330.hk_05/08/26,0.285,0.275,-0.0877,-0.1228,-0.1228,,,,-0.193,False,,,14.8,58360,hk_prices_master.csv(tencent),
02339,京西國際,2024-08-22,,供股_02339.hk_22/08/24,0.335,,-0.0299,0.0,0.5224,,,,-0.1343,False,,,,,hk_prices_master.csv(tencent),
02339,京西國際,2025-11-17,,配股_02339.hk_17/11/25,1.25,nan,1.952,3.2,2.376,,,,0.0,False,,,nan,335250,hk_prices_master.csv(tencent),
02340,昇柏控股,2025-04-11,,供股_02340.hk_11/04/25,0.132,,0.3409,0.1894,0.1364,,,,-0.1742,False,,,,,hk_prices_master.csv(tencent),
02340,昇柏控股,2025-09-30,2025-10-21,配股_02340.hk_30/09/25,0.164,0.165,0.122,0.0,0.0427,-0.0054,-0.1351,-0.0324,-0.0427,False,,,174.4,16075,hk_prices_master.csv(tencent),
02349,中國智能基礎設施,2026-06-17,,配股_02349.hk_17/06/26,0.07,0.07,0.2,0.3,0.3,,,,-0.2143,False,,,111.5,92735,hk_prices_master.csv(tencent),
02350,數科集團,2025-12-31,,配股_02350.hk_31/12/25,nan,0.7,nan,nan,nan,,,,nan,False,,,18.4,784000,hk_prices_master.csv(tencent),
02350,數科集團,2026-05-12,,供股_02350.hk_12/05/26,0.629,0.636,0.1447,-0.07,0.1208,,,,-0.07,False,,,10.7,1638100,hk_prices_master.csv(tencent),
02350,數科集團,2026-08-28,,配股_02350.hk_28/08/26,0.69,0.655,0.0217,0.0217,0.0217,,,,0.0,False,,,7.1,422812,hk_prices_master.csv(tencent),
02369,酷派集團,2026-07-17,2026-08-10,配股_02369.hk_17/07/26,0.63,0.64,0.0556,-0.1905,-0.1905,-0.0845,-0.2817,-0.2817,-0.254,False,,,5.9,356782,hk_prices_master.csv(tencent),
02371,創聯控股,2025-10-24,2026-01-20,配股_02371.hk_24/10/25,0.35,0.35,-0.1429,-0.2714,-0.1714,-0.1686,0.098,0.0588,-0.4143,False,,,8.5,87125,hk_prices_master.csv(tencent),
02373,美麗田園醫療健康,2025-10-15,2026-01-07,配股_02373.hk_15/10/25,,,,,,,,,,,,,,,hk_prices_master.csv(tencent),NO_PRICE_DATA
02399,中國安儲能源,2025-12-12,2026-01-06,配股_02399.hk_12/12/25,,,,,,,,,,,,,,,hk_prices_master.csv(tencent),NO_PRICE_DATA
02402,億華通,2025-12-16,2025-12-23,配股_02402.hk_16/12/25,,,,,,,,,,,,,,,hk_prices_master.csv(tencent),NO_PRICE_DATA
02410,同源康醫藥－Ｂ,2026-07-21,,配股_02410.hk_21/07/26,8.42,7.6,-0.3379,-0.6075,-0.6075,,,,-0.6817,False,,,4.1,32659110,hk_prices_master.csv(tencent),
02422,潤歌互動,2025-12-23,2026-01-26,配股_02422.hk_23/12/25,0.54,0.52,0.8333,1.7593,1.1852,-0.0901,0.2072,0.4324,0.0,False,,,140.3,63620,hk_prices_master.csv(tencent),
02425,澳亞集團,2025-04-16,,供股_02425.hk_16/04/25,,,,,,,,,,,,,,,hk_prices_master.csv(tencent),NO_PRICE_DATA
02431,佑駕創新,2025-11-26,2025-12-02,配股_02431.hk_26/11/25,14.67,16.53,0.0395,-0.06,-0.2597,0.122,0.1518,-0.0656,-0.3715,False,,,3.4,26594350,hk_prices_master.csv(tencent),
02431,佑駕創新,2026-05-29,,配股_02431.hk_29/05/26,9.89,9.83,-0.184,-0.64,-0.7937,,,,-0.7937,False,,,27.8,41247950,hk_prices_master.csv(tencent),
02431,佑駕創新,2026-07-22,2026-07-28,配股_02431.hk_22/07/26,7.33,7.25,-0.5573,-0.7217,-0.7217,-0.0774,-0.4699,-0.5613,-0.7217,False,,,2.7,40461850,hk_prices_master.csv(tencent),
02432,越疆,2025-11-06,2025-11-13,配股_02432.hk_06/11/25,48.0,52.2,-0.3296,-0.2517,-0.2471,-0.1038,-0.2149,-0.1626,-0.3979,False,,,2.9,145715450,hk_prices_master.csv(tencent),
02439,中寶新材,2026-04-01,2026-04-22,配股_02439.hk_01/04/26,0.285,0.29,0.3333,0.1579,0.0175,0.027,0.1351,0.027,-0.0526,False,,,47.2,168400,hk_prices_master.csv(tencent),
02440,迷策略,2025-06-04,,供股_02440.hk_04/06/25,2.094,2.087,0.7431,1.0057,0.3037,,,,-0.2899,False,,,25.8,653740,hk_prices_master.csv(tencent),
02440,迷策略,2025-11-14,,配股_02440.hk_14/11/25,2.1,2.14,-0.1048,-0.2762,-0.2857,,,,-0.3333,False,,,10.8,2880270,hk_prices_master.csv(tencent),
02448,恆宇集團,2024-03-01,,供股_02448.hk_01/03/24,,,,,,,,,,,,,,,hk_prices_master.csv(tencent),NO_PRICE_DATA
02448,恆宇集團,2026-02-05,,配股_02448.hk_05/02/26,,,,,,,,,,,,,,,hk_prices_master.csv(tencent),NO_PRICE_DATA
02459,昇能集團,2025-07-07,,供股_02459.hk_07/07/25,1.467,1.48,0.0157,-0.0798,-0.1616,,,,-0.2093,False,,,10.1,466020,hk_prices_master.csv(tencent),
02459,昇能集團,2026-01-26,2026-02-20,配股_02459.hk_26/01/26,1.06,1.01,0.0472,-0.217,-0.3774,0.1089,-0.099,-0.4257,-0.5425,False,,,3.8,381705,hk_prices_master.csv(tencent),
02465,龍蟠科技,2026-06-17,2026-06-22,配股_02465.hk_17/06/26,13.64,14.37,-0.2801,-0.2632,-0.2632,-0.2476,-0.2572,-0.2572,-0.3218,False,,,2.2,111037250,hk_prices_master.csv(tencent),
02473,喜相逢集團,2026-04-13,2026-05-19,配股_02473.hk_13/04/26,1.16,1.13,-0.3621,-0.431,-0.6207,-0.2289,-0.2289,-0.4578,-0.6293,False,,,1.9,166768465,hk_prices_master.csv(tencent),
02473,喜相逢集團,2026-05-13,2026-05-19,配股_02473.hk_13/05/26,0.84,0.87,-0.2738,-0.4464,-0.4881,-0.2289,-0.2289,-0.4578,-0.4881,False,,,13.8,209504445,hk_prices_master.csv(tencent),
02473,喜相逢集團,2026-08-04,,配股_02473.hk_04/08/26,0.505,0.49,-0.1485,-0.1485,-0.1485,,,,-0.1485,False,,,2.2,76315530,hk_prices_master.csv(tencent),
02477,經緯天地,2026-07-13,2026-07-16,配股_02477.hk_13/07/26,0.26,0.28,-0.0654,-0.2115,-0.2115,0.0402,0.1859,0.0302,-0.3538,False,,,4.3,185750660,hk_prices_master.csv(tencent),
02490,樂艙物流,2026-06-12,2026-06-22,配股_02490.hk_12/06/26,,,,,,,,,,,,,,,hk_prices_master.csv(tencent),NO_PRICE_DATA
02495,聲通科技,2026-01-12,2026-04-27,配股_02495.hk_12/01/26,,,,,,,,,,,,,,,hk_prices_master.csv(tencent),NO_PRICE_DATA
02495,聲通科技,2026-04-10,,配股_02495.hk_10/04/26,,,,,,,,,,,,,,,hk_prices_master.csv(tencent),NO_PRICE_DATA
02495,聲通科技,2026-05-20,,配股_02495.hk_20/05/26,,,,,,,,,,,,,,,hk_prices_master.csv(tencent),NO_PRICE_DATA
02497,富景中國控股,2026-05-28,,配股_02497.hk_28/05/26,0.57,0.57,0.0526,0.1667,0.1667,,,,0.0,False,,,72.5,54350,hk_prices_master.csv(tencent),
02499,佛朗斯股份,2026-04-17,,配股_02499.hk_17/04/26,,,,,,,,,,,,,,,hk_prices_master.csv(tencent),NO_PRICE_DATA
02500,啓明醫療－Ｂ,2026-09-10,,配股_02500.hk_10/09/26,,,,,,,,,,,,,,,hk_prices_master.csv(tencent),NO_PRICE_DATA
02501,邁越科技,2026-07-26,,配股_02501.hk_26/07/26,1.33,1.2,0.3985,0.3195,0.3195,,,,-0.0639,False,,,168.5,130800,hk_prices_master.csv(tencent),
02503,中深建業,2025-11-06,2026-01-15,配股_02503.hk_06/11/25,0.29,0.29,0.0103,-0.1138,-0.3897,-0.0722,-0.2238,-0.2238,-0.3897,False,,,11.3,2056700,hk_prices_master.csv(tencent),
02503,中深建業,2026-03-26,,供股_02503.hk_26/03/26,0.173,0.175,0.1676,0.0405,0.5607,,,,-0.0116,False,,,4.0,972310,hk_prices_master.csv(tencent),
02511,君聖泰醫藥－Ｂ,2026-07-31,2026-08-07,配股_02511.hk_31/07/26,2.6,2.5,0.2885,0.2019,0.2019,-0.0588,-0.0809,-0.0809,0.0,False,,,123.0,299280,hk_prices_master.csv(tencent),
02513,智譜,2026-07-09,2026-07-13,配股_02513.hk_09/07/26,2032.0,1825.0,-0.4966,-0.6358,-0.6358,-0.476,-0.3878,-0.5502,-0.6654,False,,,4.7,1841252150,hk_prices_master.csv(tencent),
02513,智譜,2026-09-13,,配股_02513.hk_13/09/26,721.0,793.0,0.0264,0.0264,0.0264,,,,-0.0569,False,,,2.3,5167053250,hk_prices_master.csv(tencent),
02515,天津建發,2026-02-11,2026-03-09,配股_02515.hk_11/02/26,0.8,0.81,0.35,0.3,0.4625,-0.0183,-0.0183,0.1376,0.0,False,,,2.5,254200,hk_prices_master.csv(tencent),
02515,天津建發,2026-05-21,2026-06-29,配股_02515.hk_21/05/26,1.06,1.08,0.1509,1.3585,1.3585,0.0769,1.1368,1.1368,-0.0377,False,,,46.0,518250,hk_prices_master.csv(tencent),
02516,泛遠國際,2025-11-12,2025-11-20,配股_02516.hk_12/11/25,0.51,0.51,0.549,1.2157,1.3922,0.1803,0.7869,0.8689,0.0,False,,,74.7,286400,hk_prices_master.csv(tencent),
02522,一脈陽光,2026-04-27,2026-08-27,配股_02522.hk_27/04/26,,,,,,,,,,,,,,,hk_prices_master.csv(tencent),NO_PRICE_DATA
02533,黑芝麻智能,2026-01-09,,配股_02533.hk_09/01/26,22.82,21.76,-0.1332,-0.2568,-0.284,,,,-0.337,False,,,2.3,211918200,hk_prices_master.csv(tencent),
02533,黑芝麻智能,2026-03-10,2026-05-08,配股_02533.hk_10/03/26,19.76,19.29,-0.1549,-0.2905,-0.4195,-0.148,-0.3221,-0.2949,-0.4747,False,,,4.9,141019000,hk_prices_master.csv(tencent),
02540,樂思集團,2026-05-22,2026-06-04,配股_02540.hk_22/05/26,1.11,0.82,-0.2883,-0.3604,-0.3604,-0.0745,-0.2553,-0.2447,-0.3694,False,,,70.0,53100,hk_prices_master.csv(tencent),
02550,宜搜科技,2026-06-03,,配股_02550.hk_03/06/26,,,,,,,,,,,,,,,hk_prices_master.csv(tencent),NO_PRICE_DATA
02556,邁富時,2026-05-15,2026-05-20,配股_02556.hk_15/05/26,40.54,40.42,-0.2472,0.1347,0.1347,-0.1643,-0.2238,0.1047,-0.2634,False,,,2.5,132516350,hk_prices_master.csv(tencent),
02556,邁富時,2026-09-17,,配股_02556.hk_17/09/26,,,,,,,,,,,,,,,hk_prices_master.csv(tencent),ANN_DATE_AFTER_LAST_PRICE
02563,華昊中天醫藥－Ｂ,2026-05-07,,配股_02563.hk_07/05/26,,,,,,,,,,,,,,,hk_prices_master.csv(tencent),NO_PRICE_DATA
02565,派格生物醫藥－Ｂ,2025-12-14,2025-12-22,配股_02565.hk_14/12/25,65.35,64.9,-0.0199,-0.1438,-0.623,0.1414,-0.0207,-0.0421,-0.623,False,,,1.0,15585500,hk_prices_master.csv(tencent),
02570,重塑能源,2026-01-18,2026-01-26,配股_02570.hk_18/01/26,60.35,71.2,-0.1954,-0.2567,-0.5175,-0.0827,-0.137,-0.2932,-0.5175,False,,,2.2,26093750,hk_prices_master.csv(tencent),
02577,英諾賽科,2025-10-10,2025-10-17,配股_02577.hk_10/10/25,77.95,82.05,-0.1013,-0.1129,-0.1193,0.0909,0.0042,-0.0396,-0.3098,False,,,1.7,260622450,hk_prices_master.csv(tencent),
02582,國富氫能,2025-10-16,2025-12-02,配股_02582.hk_16/10/25,,,,,,,,,,,,,,,hk_prices_master.csv(tencent),NO_PRICE_DATA
02582,國富氫能,2025-11-25,2025-12-02,配股_02582.hk_25/11/25,,,,,,,,,,,,,,,hk_prices_master.csv(tencent),NO_PRICE_DATA
02582,國富氫能,2026-03-11,2026-03-18,配股_02582.hk_11/03/26,,,,,,,,,,,,,,,hk_prices_master.csv(tencent),NO_PRICE_DATA
02592,撥康視雲－Ｂ,2026-06-18,,配股_02592.hk_18/06/26,,,,,,,,,,,,,,,hk_prices_master.csv(tencent),NO_PRICE_DATA
02595,勁方醫藥－Ｂ,2026-07-15,2026-07-17,配股_02595.hk_15/07/26,42.4,38.42,-0.2373,-0.4104,-0.4104,-0.2246,-0.1182,-0.2997,-0.4175,False,,,5.9,58874700,hk_prices_master.csv(tencent),
02597,訊眾通信,2026-09-10,,配股_02597.hk_10/09/26,,,,,,,,,,,,,,,hk_prices_master.csv(tencent),NO_PRICE_DATA
02603,吉宏股份,2026-07-16,2026-07-20,配股_02603.hk_16/07/26,15.5,14.75,-0.1884,-0.1981,-0.1981,0.0586,0.0236,0.0122,-0.2368,False,,,1.5,32524627,hk_prices_master.csv(tencent),
02610,南山鋁業國際,2026-01-22,,配股_02610.hk_22/01/26,63.74,68.49,-0.0251,-0.3045,-0.5013,,,,-0.5157,False,,,31.8,51248760,hk_prices_master.csv(tencent),
02616,基石藥業－Ｂ,2026-04-15,2026-04-22,配股_02616.hk_15/04/26,9.9,9.64,-0.1869,-0.503,-0.5429,-0.1909,-0.5374,-0.5394,-0.5768,False,,,4.0,57593150,hk_prices_master.csv(tencent),
02617,藥捷安康－Ｂ,2026-01-14,2026-01-20,配股_02617.hk_14/01/26,100.1,113.2,-0.3716,-0.3047,-0.6418,-0.1525,0.1044,-0.2755,-0.6501,False,,,6.4,142092000,hk_prices_master.csv(tencent),
02617,藥捷安康－Ｂ,2026-04-15,2026-05-27,配股_02617.hk_15/04/26,70.3,69.55,-0.5018,-0.855,-0.834,-0.1829,-0.73,-0.6984,-0.8706,True,2026-06-23,,1.6,92771150,hk_prices_master.csv(tencent),
02617,藥捷安康－Ｂ,2026-05-19,2026-05-27,配股_02617.hk_19/05/26,46.6,49.8,-0.7468,-0.7496,-0.7496,-0.1829,-0.73,-0.6984,-0.8047,True,2026-06-23,,2.6,87150800,hk_prices_master.csv(tencent),
02623,香港黃金產業集團,2026-01-29,,供股_02623.hk_29/01/26,4.04,3.82,0.2104,0.4802,0.1386,,,,-0.0923,False,,,5.8,1898435,hk_prices_master.csv(tencent),
02623,香港黃金產業集團,2026-06-18,2026-08-04,配股_02623.hk_18/06/26,4.7,4.7,-0.117,-0.1415,-0.1415,,,,-0.1415,False,,,1.4,10018010,hk_prices_master.csv(tencent),
02625,江蘇宏信,2025-11-11,2025-12-02,配股_02625.hk_11/11/25,3.37,3.36,0.2077,0.3412,0.3056,-0.0848,0.087,0.0239,0.0,False,,,11.3,889950,hk_prices_master.csv(tencent),
02629,MIRXES-B,2026-01-29,2026-02-05,配股_02629.hk_29/01/26,34.32,36.88,-0.5967,-0.6384,-0.6384,-0.3921,-0.5333,-0.5552,-0.6384,False,,,8.1,37531750,hk_prices_master.csv(tencent),
02643,曹操出行,2026-01-28,2026-02-04,配股_02643.hk_28/01/26,35.52,35.66,-0.1194,-0.3333,0.0304,0.1641,-0.0977,-0.2649,-0.3727,False,,,1.5,50421100,hk_prices_master.csv(tencent),
02650,摯達科技,2026-06-23,2026-06-30,配股_02650.hk_23/06/26,11.38,12.46,0.0879,0.0879,0.0879,0.9145,0.1265,0.1265,-0.0343,False,,,24.8,19803910,hk_prices_master.csv(tencent),
02651,大眾口腔,2026-06-24,2026-07-15,配股_02651.hk_24/06/26,12.0,12.0,0.5833,0.5833,0.5833,0.0064,0.0064,0.0064,0.0,False,,,63.4,153370,hk_prices_master.csv(tencent),
02652,長風藥業,2026-07-31,2026-08-06,配股_02652.hk_31/07/26,19.87,15.7,-0.4786,-0.465,-0.465,-0.1297,-0.4081,-0.4081,-0.5327,False,,,12.7,10469150,hk_prices_master.csv(tencent),
02680,南強控股,2024-09-26,,供股_02680.hk_26/09/24,2.09,,0.0287,1.4545,1.2727,,,,-0.1866,False,,,,,hk_prices_master.csv(tencent),
02685,量化派,2026-07-10,,配股_02685.hk_10/07/26,13.79,15.35,-0.7049,-0.7194,-0.7194,,,,-0.7273,True,2026-07-28,,10.8,35904950,hk_prices_master.csv(tencent),
02685,量化派,2026-09-16,,配股_02685.hk_16/09/26,4.015,3.83,-0.0361,-0.0361,-0.0361,,,,-0.0361,False,,,1.6,135825710,hk_prices_master.csv(tencent),
02699,新明中國,2024-12-06,,供股_02699.hk_06/12/24,8.443,,0.1117,0.3823,0.8307,,,,-0.028,False,,,,,hk_prices_master.csv(tencent),
02699,新明中國,2026-02-16,,供股_02699.hk_16/02/26,4.868,4.868,0.0257,0.0146,0.0189,,,,-0.0074,False,,,14.3,99545,hk_prices_master.csv(tencent),
02865,鈞達股份,2026-01-21,2026-02-02,配股_02865.hk_21/01/26,22.24,22.24,0.7212,0.3849,0.2518,-0.0325,-0.0461,-0.0488,0.0,False,,,25.1,26014750,hk_prices_master.csv(tencent),
02889,博泰車聯,2026-04-28,,配股_02889.hk_28/04/26,148.0,141.5,0.4189,-0.0892,-0.0743,,,,-0.2291,False,,,5.1,14658780,hk_prices_master.csv(tencent),
02889,博泰車聯,2026-06-17,2026-06-22,配股_02889.hk_17/06/26,177.5,210.4,-0.2659,-0.2282,-0.2282,-0.308,-0.1742,-0.1742,-0.3572,False,,,1.7,74970690,hk_prices_master.csv(tencent),
02889,博泰車聯,2026-09-08,,配股_02889.hk_08/09/26,,,,,,,,,,,,,,,hk_prices_master.csv(tencent),ANN_DATE_AFTER_LAST_PRICE
03303,巨濤海洋石油服務,2026-01-14,,供股_03303.hk_14/01/26,,,,,,,,,,,,,,,hk_prices_master.csv(tencent),NO_PRICE_DATA
03306,江南布衣,2026-01-23,2026-01-30,配股_03306.hk_23/01/26,18.84,20.12,0.1093,0.1486,0.0356,0.1345,0.1804,0.1249,-0.0387,False,,,19.7,16872390,hk_prices_master.csv(tencent),
03313,雅高控股,2025-12-05,2025-12-24,配股_03313.hk_05/12/25,1.32,1.32,0.1364,-0.0909,-0.0833,0.0204,-0.0476,-0.1973,-0.1288,False,,,192.2,19660,hk_prices_master.csv(tencent),
03317,迅策,2026-07-03,2026-07-10,配股_03317.hk_03/07/26,117.3,123.8,0.1765,-0.1573,-0.1573,0.1615,0.5327,0.1051,-0.2843,False,,,1.4,614285154,hk_prices_master.csv(tencent),
03321,中科集團控股,2026-03-03,2026-03-20,配股_03321.hk_03/03/26,0.46,0.45,0.0435,2.4565,1.6304,-0.0426,0.2553,1.4043,-0.1739,False,,,5.6,10480,hk_prices_master.csv(tencent),
03330,靈寶黃金,2026-04-14,2026-04-22,配股_03330.hk_14/04/26,26.523,27.343,-0.3832,-0.4262,-0.2648,-0.0413,-0.3827,-0.3117,-0.5445,False,,,2.6,195528060,hk_prices_master.csv(tencent),
03393,威勝控股,2026-04-21,,配股_03393.hk_21/04/26,29.82,31.46,-0.222,-0.4004,-0.3407,,,,-0.4185,False,,,12.4,100068820,hk_prices_master.csv(tencent),
03395,吉星新能源,2025-10-13,,配股_03395.hk_13/10/25,0.325,0.335,-0.2308,-0.0462,-0.0154,,,,-0.3538,False,,,2.6,431550,hk_prices_master.csv(tencent),
03395,吉星新能源,2025-10-31,,配股_03395.hk_31/10/25,0.305,0.3,-0.1148,0.0984,0.0656,,,,-0.3115,False,,,1.8,377350,hk_prices_master.csv(tencent),
03395,吉星新能源,2025-11-03,,配股_03395.hk_03/11/25,0.325,0.305,-0.2154,-0.0308,0.0308,,,,-0.3538,False,,,1.9,369650,hk_prices_master.csv(tencent),
03623,中國金融發展,2026-09-01,,配股_03623.hk_01/09/26,,,,,,,,,,,,,,,hk_prices_master.csv(tencent),ANN_DATE_AFTER_LAST_PRICE
03666,上海小南國,2026-02-16,,配股_03666.hk_16/02/26,0.024,0.024,0.0,0.0,0.0,,,,-0.0417,False,,,41.3,47845,hk_prices_master.csv(tencent),
03669,永達汽車,2026-07-15,2026-07-24,配股_03669.hk_15/07/26,1.03,0.83,-0.1553,-0.1893,-0.1893,-0.1124,-0.0674,-0.0618,-0.2476,False,,,3.9,5278800,hk_prices_master.csv(tencent),
03677,正力新能,2025-10-17,2025-10-24,配股_03677.hk_17/10/25,10.96,11.92,-0.1788,-0.188,-0.229,0.0978,0.0112,0.0157,-0.2527,False,,,1.9,14362050,hk_prices_master.csv(tencent),
03680,瑞和數智,2026-01-25,2026-02-06,配股_03680.hk_25/01/26,2.0,,0.1625,0.1775,0.1775,-0.02,0.1625,0.1775,-0.03,False,,,,,hk_prices_master.csv(tencent),
03680,瑞和數智,2026-07-30,2026-08-24,配股_03680.hk_30/07/26,2.28,2.31,0.0285,0.0329,0.0329,0.0064,0.0107,0.0107,-0.0526,False,,,6.4,732000,hk_prices_master.csv(tencent),
03700,映宇宙,2026-05-28,2026-07-15,配股_03700.hk_28/05/26,,,,,,,,,,,,,,,hk_prices_master.csv(tencent),NO_PRICE_DATA
03708,世界數字經濟產業,2026-06-22,2026-06-25,配股_03708.hk_22/06/26,0.189,0.19,0.0476,0.0476,0.0476,-0.0149,-0.0198,-0.0198,-0.0212,False,,,1.4,267750,hk_prices_master.csv(tencent),
03750,寧德時代,2026-04-28,2026-04-30,配股_03750.hk_28/04/26,629.0,675.5,0.0525,0.0095,0.0326,0.0896,0.1595,0.0189,-0.0668,False,,,4.2,1305869480,hk_prices_master.csv(tencent),
03759,康龍化成,2026-01-15,2026-01-22,配股_03759.hk_15/01/26,23.61,24.71,-0.2613,-0.111,-0.2829,-0.0245,-0.1415,-0.0762,-0.2829,False,,,5.6,124363860,hk_prices_master.csv(tencent),
03788,罕王黃金,2026-01-22,2026-01-29,配股_03788.hk_22/01/26,5.05,4.65,-0.097,-0.2832,-0.5188,-0.1437,-0.1083,-0.2479,-0.5228,False,,,26.7,11890380,hk_prices_master.csv(tencent),
03899,中集安瑞科,2026-01-20,2026-01-27,配股_03899.hk_20/01/26,9.99,10.3,0.2002,-0.006,-0.1411,0.084,0.0685,-0.0329,-0.1411,False,,,7.7,21008445,hk_prices_master.csv(tencent),
03919,金力集團,2025-10-24,,配股_03919.hk_24/10/25,1.15,1.12,0.2,0.313,0.0783,,,,-0.0174,False,,,436.5,3190,hk_prices_master.csv(tencent),
03919,金力集團,2026-05-06,,配股_03919.hk_06/05/26,1.4,1.4,-0.3929,-0.5143,0.0321,,,,-0.65,False,,,678.3,5200,hk_prices_master.csv(tencent),
03919,金力集團,2026-08-06,,配股_03919.hk_06/08/26,0.685,0.68,1.1898,1.1898,1.1898,,,,-0.2847,False,,,98.4,78320,hk_prices_master.csv(tencent),
03928,中國新零售供應鏈,2026-02-10,2026-02-25,配股_03928.hk_10/02/26,11.02,10.89,0.4964,0.4982,1.0853,0.4325,0.5599,0.629,-0.0036,False,,,3.6,2851450,hk_prices_master.csv(tencent),
06030,中信証券,2026-05-28,2026-08-06,配股_06030.hk_28/05/26,25.14,25.72,0.0628,0.0772,0.0772,,,,-0.0151,False,,,2.6,250466945,hk_prices_master.csv(tencent),
06082,壁仞科技,2026-07-05,2026-07-08,配股_06082.hk_05/07/26,48.54,51.3,-0.197,-0.3024,-0.3024,-0.2652,-0.2796,-0.2851,-0.4223,False,,,3.7,340617350,hk_prices_master.csv(tencent),
06086,方舟健客,2026-01-27,2026-02-02,配股_06086.hk_27/01/26,,,,,,,,,,,,,,,hk_prices_master.csv(tencent),NO_PRICE_DATA
06108,新銳醫藥,2025-12-05,2025-12-23,配股_06108.hk_05/12/25,0.245,0.248,0.0204,-0.1265,-0.1714,-0.1429,-0.2794,-0.3524,-0.1878,False,,,18.3,36855,hk_prices_master.csv(tencent),
06128,烯石電車新材料,2024-12-03,,供股_06128.hk_03/12/24,0.21,,0.0857,-0.0714,0.0524,,,,-0.1429,False,,,,,hk_prices_master.csv(tencent),
06162,天瑞汽車內飾,2026-04-17,2026-05-06,配股_06162.hk_17/04/26,0.167,0.17,0.7665,1.4551,1.3952,-0.2857,-0.2024,0.2381,0.0,False,,,58.7,1102205,hk_prices_master.csv(tencent),
06166,劍橋科技,2026-05-28,2026-06-04,配股_06166.hk_28/05/26,154.8,139.0,-0.3359,-0.4432,-0.4432,0.148,-0.4116,-0.3776,-0.6008,False,,,1.5,310523210,hk_prices_master.csv(tencent),
06181,老鋪黃金,2025-10-22,2025-10-30,配股_06181.hk_22/10/25,679.83,742.83,-0.0176,0.0022,-0.0463,-0.0572,-0.0572,0.2168,-0.1397,False,,,2.9,1099935070,hk_prices_master.csv(tencent),
06610,飛天雲動,2026-07-15,,供股_06610.hk_15/07/26,0.79,0.79,-0.0633,-0.0633,-0.0633,,,,-0.1646,False,,,8.6,150100,hk_prices_master.csv(tencent),
06616,環球新材國際,2025-11-30,2026-01-06,配股_06616.hk_30/11/25,8.55,8.01,-0.0842,0.0012,-0.1111,-0.0149,-0.1512,-0.1191,-0.1497,False,,,3.5,31988175,hk_prices_master.csv(tencent),
06651,五一視界,2026-07-03,2026-07-10,配股_06651.hk_03/07/26,84.2,83.15,-0.1799,-0.3575,-0.3575,-0.1567,-0.0329,-0.1728,-0.386,False,,,0.5,341705050,hk_prices_master.csv(tencent),
06681,腦動極光－Ｂ,2026-01-23,2026-02-05,配股_06681.hk_23/01/26,5.79,6.37,-0.2332,-0.3212,-0.5941,-0.0208,-0.1625,-0.2042,-0.5941,False,,,5.9,97600550,hk_prices_master.csv(tencent),
06682,範式智能,2026-04-22,,配股_06682.hk_22/04/26,39.6,45.84,-0.2763,-0.2682,-0.2283,,,,-0.397,False,,,4.6,194696700,hk_prices_master.csv(tencent),
06683,巨星傳奇,2025-11-13,2025-11-27,配股_06683.hk_13/11/25,7.2,8.99,-0.1611,-0.1528,-0.1542,-0.1475,-0.0649,-0.0855,-0.2125,False,,,20.1,183714250,hk_prices_master.csv(tencent),
06693,赤峰黃金,2026-03-22,,配股_06693.hk_22/03/26,31.154,nan,0.4552,-0.1982,0.0593,,,,-0.2624,False,,,nan,245329745,hk_prices_master.csv(tencent),
06696,多想雲,2025-09-04,,供股_06696.hk_04/09/25,0.495,0.497,-0.0121,-0.0202,0.3737,,,,-0.0404,False,,,22.2,381610,hk_prices_master.csv(tencent),
06829,龍昇集團控股,2024-09-13,,供股_06829.hk_13/09/24,1.9,,-0.0842,-0.1947,-0.4632,,,,-0.4632,False,,,,,hk_prices_master.csv(tencent),
06869,長飛光纖光纜,2025-12-10,2025-12-17,配股_06869.hk_10/12/25,41.741,37.581,0.4964,2.7819,4.4206,0.084,0.8246,2.1498,-0.0886,False,,,5.8,1087202610,hk_prices_master.csv(tencent),
06908,宏光半導體,2024-11-12,,供股_06908.hk_12/11/24,0.5,,-0.03,0.12,0.1,,,,-0.1,False,,,,,hk_prices_master.csv(tencent),
06908,宏光半導體,2025-12-02,2026-01-29,配股_06908.hk_02/12/25,0.5,0.5,0.02,-0.16,-0.12,-0.0309,0.0206,0.0722,-0.16,False,,,3.1,1290935,hk_prices_master.csv(tencent),
06922,康灃生物－Ｂ,2026-01-12,2026-01-30,配股_06922.hk_12/01/26,,,,,,,,,,,,,,,hk_prices_master.csv(tencent),NO_PRICE_DATA
06928,萬馬控股,2025-08-04,,供股_06928.hk_04/08/25,0.377,0.38,-0.4032,-0.382,-0.366,,,,-0.4881,False,,,2.9,118565,hk_prices_master.csv(tencent),
06928,萬馬控股,2025-11-18,,配股_06928.hk_18/11/25,0.21,0.215,0.2143,0.119,-0.1619,,,,-0.1619,False,,,59.1,325260,hk_prices_master.csv(tencent),
06939,美佳音控股,2026-01-23,2026-07-16,配股_06939.hk_23/01/26,nan,nan,nan,nan,nan,-0.5299,-0.5299,-0.5299,nan,False,,,nan,51660,hk_prices_master.csv(tencent),
06978,永泰生物－Ｂ,2025-09-19,,供股_06978.hk_19/09/25,nan,4.4,nan,nan,nan,,,,nan,False,,,1.9,1955345,hk_prices_master.csv(tencent),
06990,科倫博泰生物,2026-07-08,2026-07-10,配股_06990.hk_08/07/26,479.4,514.0,0.092,-0.0375,-0.0375,-0.0366,0.0416,-0.1067,-0.0392,False,,,4.1,290689600,hk_prices_master.csv(tencent),
08003,世大控股,2026-06-22,,配股_08003.hk_22/06/26,0.077,0.077,-0.0909,-0.0909,-0.0909,,,,-0.1039,False,,,9.2,4095,hk_prices_master.csv(tencent),
08006,華泰瑞銀,2025-06-25,,供股_08006.hk_25/06/25,0.084,0.084,0.1905,0.4405,0.3214,,,,0.0,False,,,6.6,1330,hk_prices_master.csv(tencent),
08007,環球戰略集團,2024-11-15,,供股_08007.hk_15/11/24,0.286,,-0.0035,-0.1608,-0.1748,,,,-0.1888,False,,,,,hk_prices_master.csv(tencent),
08007,環球戰略集團,2026-04-02,2026-04-21,配股_08007.hk_02/04/26,0.265,0.255,0.6226,0.5849,1.0755,-0.1471,-0.0686,-0.0686,0.0,False,,,693.8,16300,hk_prices_master.csv(tencent),
08017,捷利交易寶,2025-11-11,2025-11-19,配股_08017.hk_11/11/25,,,,,,,,,,,,,,,hk_prices_master.csv(tencent),NO_PRICE_DATA
08021,匯隆控股,2026-02-06,,供股_08021.hk_06/02/26,0.4,0.4,0.0,-0.2625,-0.59,,,,-0.59,False,,,8.0,78170,hk_prices_master.csv(tencent),
08027,吉輝控股,2026-07-13,,供股_08027.hk_13/07/26,0.116,0.116,0.1638,0.1638,0.1638,,,,-0.0517,False,,,23.8,6180,hk_prices_master.csv(tencent),
08028,天時資源,2025-02-27,,供股_08028.hk_27/02/25,0.16,,0.1312,0.15,0.875,,,,0.0,False,,,,,hk_prices_master.csv(tencent),
08030,豐銀禾控股,2024-04-26,,供股_08030.hk_26/04/24,,,,,,,,,,,,,,,hk_prices_master.csv(tencent),NO_PRICE_DATA
08031,易通訊集團,2026-06-01,2026-06-22,配股_08031.hk_01/06/26,0.31,0.325,0.3226,0.0968,0.0968,-0.25,-0.2273,-0.2273,-0.0161,False,,,350.9,50410,hk_prices_master.csv(tencent),
08057,麥迪森控股,2026-03-05,,供股_08057.hk_05/03/26,0.616,0.62,-0.0065,-0.1071,-0.026,,,,-0.2695,False,,,59.1,295,hk_prices_master.csv(tencent),
08072,蘭谷股份,2024-07-22,,供股_08072.hk_22/07/24,0.32,,-0.0781,0.0312,-0.0781,,,,-0.1406,False,,,,,hk_prices_master.csv(tencent),
08079,曌生命,2026-03-23,2026-05-20,配股_08079.hk_23/03/26,0.57,0.465,-0.1842,0.2982,0.4298,-0.0111,0.5556,0.4222,-0.2456,False,,,19.4,2540,hk_prices_master.csv(tencent),
08079,曌生命,2026-08-27,,配股_08079.hk_27/08/26,0.6,0.6,-0.0083,-0.0083,-0.0083,,,,-0.0583,False,,,0.2,30950,hk_prices_master.csv(tencent),
08087,中國三三集團,2024-10-21,,供股_08087.hk_21/10/24,0.144,,0.8056,7.3472,5.9444,,,,0.0,False,,,,,hk_prices_master.csv(tencent),
08096,賞之味,2026-04-27,,供股_08096.hk_27/04/26,0.108,0.108,0.1111,0.1111,-0.0648,,,,-0.0648,False,,,,0,hk_prices_master.csv(tencent),
08106,芯化蘭德,2026-02-11,2026-03-11,配股_08106.hk_11/02/26,0.31,0.32,0.0161,-0.0484,-0.0323,0.05,0.05,-0.15,-0.1935,False,,,7.6,197715,hk_prices_master.csv(tencent),
08113,時騰科技,2024-10-08,,供股_08113.hk_08/10/24,0.457,,-0.0372,-0.0875,-0.0525,,,,-0.1904,False,,,,,hk_prices_master.csv(tencent),
08113,時騰科技,2026-05-13,,供股_08113.hk_13/05/26,0.447,0.467,-0.0268,-0.0268,-0.0268,,,,-0.094,False,,,2023.7,0,hk_prices_master.csv(tencent),
08118,中資國際控股,2026-09-11,,配股_08118.hk_11/09/26,,,,,,,,,,,,,,,hk_prices_master.csv(tencent),ANN_DATE_AFTER_LAST_PRICE
08120,國農金融投資,2024-12-31,,供股_08120.hk_31/12/24,0.46,,0.0326,0.1087,-0.1087,,,,-0.1522,False,,,,,hk_prices_master.csv(tencent),
08120,國農金融投資,2026-04-24,2026-05-15,配股_08120.hk_24/04/26,0.68,0.68,2.3529,2.0882,2.3015,1.028,1.0561,1.0981,0.0,False,,,47.3,1980,hk_prices_master.csv(tencent),
08121,國恩控股,2024-02-21,,供股_08121.hk_21/02/24,0.6,,0.1667,0.0833,0.5833,,,,0.0,False,,,,,hk_prices_master.csv(tencent),
08121,國恩控股,2026-07-10,,供股_08121.hk_10/07/26,0.475,0.5,0.1579,0.1579,0.1579,,,,-0.0421,False,,,117.3,31050,hk_prices_master.csv(tencent),
08123,華億金控,2026-06-23,2026-08-13,配股_08123.hk_23/06/26,nan,nan,nan,nan,nan,,,,nan,False,,,nan,3540,hk_prices_master.csv(tencent),
08125,榮記萬通,2024-12-13,,供股_08125.hk_13/12/24,0.33,,-0.1667,-0.1212,-0.0909,,,,-0.2273,False,,,,,hk_prices_master.csv(tencent),
08125,榮記萬通,2026-04-23,2026-05-19,配股_08125.hk_23/04/26,0.53,0.52,0.1321,-0.1509,0.2264,-0.0476,-0.1905,0.0476,-0.1981,False,,,5.3,130680,hk_prices_master.csv(tencent),
08125,榮記萬通,2026-07-23,2026-08-18,配股_08125.hk_23/07/26,0.445,0.45,0.4607,0.3146,0.3146,-0.2442,-0.3198,-0.3198,-0.0449,False,,,450320.0,40040,hk_prices_master.csv(tencent),
08131,諾亞智能,2026-06-10,2026-06-30,配股_08131.hk_10/06/26,0.107,0.094,1.3832,1.243,1.243,0.75,0.5,0.5,0.0,False,,,142.0,43720,hk_prices_master.csv(tencent),
08133,吉盛集團控股,2025-08-26,,供股_08133.hk_26/08/25,0.35,0.35,0.1714,-0.0714,0.1714,,,,-0.1143,False,,,,0,hk_prices_master.csv(tencent),
08137,洪橋集團,2026-06-29,,配股_08137.hk_29/06/26,0.6,0.58,-0.225,-0.225,-0.225,,,,-0.2417,False,,,9.9,1246300,hk_prices_master.csv(tencent),
08143,金威醫療,2025-03-14,,供股_08143.hk_14/03/25,0.067,,1.194,0.8358,1.6269,,,,-0.0299,False,,,,,hk_prices_master.csv(tencent),
08143,金威醫療,2026-03-10,,配股_08143.hk_10/03/26,0.101,0.101,0.1485,-0.3465,-0.3366,,,,-0.5545,False,,,39.5,46605,hk_prices_master.csv(tencent),
08153,嘉鼎國際集團,2024-06-28,,供股_08153.hk_28/06/24,1.6,,0.375,-0.225,-0.4419,,,,-0.475,False,,,,,hk_prices_master.csv(tencent),
08153,嘉鼎國際集團,2025-10-24,2025-10-15,供股_08153.hk_24/10/25,0.853,0.847,-0.0387,-0.1794,-0.0387,-0.109,-0.0387,-0.1794,-0.2966,False,,,10.0,259075,hk_prices_master.csv(tencent),
08153,嘉鼎國際集團,2026-03-26,2026-04-24,配股_08153.hk_26/03/26,0.83,0.79,0.0843,-0.1566,-0.1265,0.1235,0.0,-0.1975,-0.2289,False,,,34.3,60860,hk_prices_master.csv(tencent),
08159,新華聯合投資,2025-10-02,,配股_08159.hk_02/10/25,0.095,0.092,-0.0842,-0.1474,-0.1053,,,,-0.1684,False,,,4.3,25875,hk_prices_master.csv(tencent),
08160,GOLDWAY EDU,2024-04-30,,供股_08160.hk_30/04/24,0.305,,-0.0328,0.3607,0.4918,,,,-0.1148,False,,,,,hk_prices_master.csv(tencent),
08160,GOLDWAY EDU,2025-09-30,2026-02-03,配股_08160.hk_30/09/25,0.335,0.345,0.0448,0.0597,0.6119,-0.0678,-0.0339,-0.1356,-0.0746,False,,,20.7,8060,hk_prices_master.csv(tencent),
08160,GOLDWAY EDU,2026-07-24,2026-09-18,配股_08160.hk_24/07/26,0.47,0.5,0.1064,0.0532,0.0532,,,,-0.1277,False,,,14.6,130,hk_prices_master.csv(tencent),
08168,寶積資本,2026-03-13,2026-03-30,配股_08168.hk_13/03/26,0.137,0.135,-0.0876,-0.4234,-0.4599,-0.1533,-0.1971,-0.3285,-0.4599,False,,,2.3,1022620,hk_prices_master.csv(tencent),
08178,中國信息科技,2025-08-13,,供股_08178.hk_13/08/25,1.686,1.686,0.0006,-0.8203,-0.8695,,,,-0.8695,False,,,15.8,5940,hk_prices_master.csv(tencent),
08178,中國信息科技,2025-11-19,2025-12-05,配股_08178.hk_19/11/25,0.28,0.28,-0.1786,-0.1964,-0.2143,-0.0782,-0.0123,0.07,-0.225,False,,,1.8,150260,hk_prices_master.csv(tencent),
08178,中國信息科技,2026-04-21,,供股_08178.hk_21/04/26,0.219,0.219,-0.0548,-0.2009,-0.1918,,,,-0.2648,False,,,2.5,60055,hk_prices_master.csv(tencent),
08179,百利達集團控股,2024-10-04,,供股_08179.hk_04/10/24,0.019,,-0.0526,-0.2105,-0.3684,,,,-0.4211,False,,,,,hk_prices_master.csv(tencent),
08179,百利達集團控股,2026-08-14,,供股_08179.hk_14/08/26,,,,,,,,,,,,,,,hk_prices_master.csv(tencent),ANN_DATE_AFTER_LAST_PRICE
08191,鴻偉亞洲,2025-12-29,,配股_08191.hk_29/12/25,0.135,0.135,-0.0148,-0.0148,0.0519,,,,-0.0222,False,,,21.5,8360,hk_prices_master.csv(tencent),
08191,鴻偉亞洲,2026-04-17,,供股_08191.hk_17/04/26,0.135,0.133,0.2815,0.0,-0.2667,,,,-0.2963,False,,,684.4,2750,hk_prices_master.csv(tencent),
08193,亞太金融投資,2026-08-14,,供股_08193.hk_14/08/26,,,,,,,,,,,,,,,hk_prices_master.csv(tencent),ANN_DATE_AFTER_LAST_PRICE
08196,福田股份,2024-05-16,,供股_08196.hk_16/05/24,,,,,,,,,,,,,,,hk_prices_master.csv(tencent),NO_PRICE_DATA
08196,福田股份,2025-12-10,2025-12-31,配股_08196.hk_10/12/25,,,,,,,,,,,,,,,hk_prices_master.csv(tencent),NO_PRICE_DATA
08196,福田股份,2026-05-19,2026-06-01,配股_08196.hk_19/05/26,,,,,,,,,,,,,,,hk_prices_master.csv(tencent),NO_PRICE_DATA
08198,加幂科技,2026-07-31,,配股_08198.hk_31/07/26,1.68,1.68,-0.3482,-0.4226,-0.4226,,,,-0.4226,False,,,1.2,642200,hk_prices_master.csv(tencent),
08206,神通機器人教育,2026-08-31,,配股_08206.hk_31/08/26,,,,,,,,,,,,,,,hk_prices_master.csv(tencent),ANN_DATE_AFTER_LAST_PRICE
08208,永通萬國集團,2026-09-08,,配股_08208.hk_08/09/26,,,,,,,,,,,,,,,hk_prices_master.csv(tencent),ANN_DATE_AFTER_LAST_PRICE
08219,恆偉集團控股,2024-06-27,,供股_08219.hk_27/06/24,0.19,,0.0,0.0895,-0.0474,,,,-0.2,False,,,,,hk_prices_master.csv(tencent),
08223,紫元元,2024-08-14,,供股_08223.hk_14/08/24,1.76,,-0.0341,-0.4148,-0.3125,,,,-0.5511,False,,,,,hk_prices_master.csv(tencent),
08223,紫元元,2026-03-09,2026-04-24,配股_08223.hk_09/03/26,0.55,0.57,-0.1273,-0.4818,-0.5509,-0.1596,-0.3936,-0.4766,-0.6127,False,,,5.9,210840,hk_prices_master.csv(tencent),
08238,玖方數智,2025-10-15,,配股_08238.hk_15/10/25,0.256,0.273,-0.1641,-0.1797,0.3086,,,,-0.207,False,,,132.2,14100,hk_prices_master.csv(tencent),
08238,玖方數智,2025-11-07,,供股_08238.hk_07/11/25,0.203,0.204,0.0345,0.0837,-0.3202,,,,-0.3202,False,,,1.3,17595,hk_prices_master.csv(tencent),
08239,首都金融控股,2026-07-03,2026-07-23,配股_08239.hk_03/07/26,20.0,20.0,0.032,0.081,0.081,0.0725,0.0923,0.1278,-0.0975,False,,,23.8,307550,hk_prices_master.csv(tencent),
08245,烽翼集團,2026-03-20,2026-04-15,配股_08245.hk_20/03/26,0.101,0.1,-0.1881,-0.2079,0.1683,-0.0753,-0.1613,0.1613,-0.2772,False,,,8.1,53385,hk_prices_master.csv(tencent),
08245,烽翼集團,2026-08-28,,配股_08245.hk_28/08/26,0.13,0.124,0.1615,0.1615,0.1615,,,,0.0,False,,,2.7,71185,hk_prices_master.csv(tencent),
08246,中華燃氣,2025-10-05,,配股_08246.hk_05/10/25,1.264,0.592,-0.4937,-0.481,-0.4684,,,,-0.5253,False,,,284.8,18840,hk_prices_master.csv(tencent),
08246,中華燃氣,2025-10-20,,配股_08246.hk_20/10/25,0.72,0.704,-0.1111,0.1444,0.1528,,,,-0.1667,False,,,11.2,22785,hk_prices_master.csv(tencent),
08246,中華燃氣,2026-04-02,,配股_08246.hk_02/04/26,0.83,0.85,-0.0241,-0.1566,-0.2289,,,,-0.2289,False,,,1.5,43125,hk_prices_master.csv(tencent),
08247,中生北控生物科技,2026-08-05,,配股_08247.hk_05/08/26,3.21,3.2,-0.0125,-0.0062,-0.0062,,,,-0.0343,False,,,3.1,164460,hk_prices_master.csv(tencent),
08268,智城發展控股,2026-02-23,,配股_08268.hk_23/02/26,0.325,0.31,0.1385,-0.2431,-0.4154,,,,-0.4462,False,,,8.4,54950,hk_prices_master.csv(tencent),
08275,中國新消費集團,2024-09-04,,供股_08275.hk_04/09/24,0.178,,-0.1011,-0.1573,-0.3146,,,,-0.3764,False,,,,,hk_prices_master.csv(tencent),
08275,中國新消費集團,2025-11-24,2025-12-11,配股_08275.hk_24/11/25,0.105,0.106,0.1143,0.0667,-0.0381,-0.0593,0.0339,-0.1356,-0.0857,False,,,35.5,323585,hk_prices_master.csv(tencent),
08282,智傲控股,2025-09-22,,供股_08282.hk_22/09/25,0.593,0.607,0.2648,0.0118,-0.0556,,,,-0.0556,False,,,,0,hk_prices_master.csv(tencent),
08283,中食民安,2025-11-04,,供股_08283.hk_04/11/25,0.368,0.37,0.0109,0.413,0.9293,,,,-0.0027,False,,,2.0,86360,hk_prices_master.csv(tencent),
08291,港娛國際,2026-07-09,,供股_08291.hk_09/07/26,0.21,0.21,0.2381,0.2381,0.2381,,,,0.0,False,,,,0,hk_prices_master.csv(tencent),
08292,VSING,2025-12-01,,配股_08292.hk_01/12/25,0.435,0.45,-0.1839,-0.2184,-0.5747,,,,-0.5747,False,,,4.8,514400,hk_prices_master.csv(tencent),
08297,海納星空科技,2026-09-18,,配股_08297.hk_18/09/26,,,,,,,,,,,,,,,hk_prices_master.csv(tencent),NO_PRICE_DATA
08299,大唐黃金,2026-03-30,2026-05-27,配股_08299.hk_30/03/26,,,,,,,,,,,,,,,hk_prices_master.csv(tencent),NO_PRICE_DATA
08299,大唐黃金,2026-05-19,2026-06-29,配股_08299.hk_19/05/26,,,,,,,,,,,,,,,hk_prices_master.csv(tencent),NO_PRICE_DATA
08320,沛然環保,2026-04-22,,配股_08320.hk_22/04/26,0.105,0.102,-0.219,0.0381,0.0952,,,,-0.3143,False,,,22.4,10200,hk_prices_master.csv(tencent),
08321,泰錦控股,2025-11-10,,配股_08321.hk_10/11/25,0.62,0.265,0.3387,1.1935,1.3871,,,,0.0,False,,,,0,hk_prices_master.csv(tencent),
08326,同景新能源,2024-07-02,,供股_08326.hk_02/07/24,0.163,,-0.0245,-0.0184,-0.0675,,,,-0.0982,False,,,,,hk_prices_master.csv(tencent),
08340,紫荊國際金融,2024-03-25,,供股_08340.hk_25/03/24,0.199,,0.9095,0.9347,5.0302,,,,-0.1055,False,,,,,hk_prices_master.csv(tencent),
08340,紫荊國際金融,2026-07-06,2026-07-27,配股_08340.hk_06/07/26,0.5,0.495,0.11,0.75,0.75,-0.0403,0.1129,0.4113,0.0,False,,,141.9,6215,hk_prices_master.csv(tencent),
08341,艾碩控股,2025-09-04,,供股_08341.hk_04/09/25,0.123,0.123,0.0,0.0,0.8537,,,,-0.0325,False,,,11.1,0,hk_prices_master.csv(tencent),
08365,亦辰集團,2024-09-23,,供股_08365.hk_23/09/24,0.35,,-0.2857,-0.2857,3.4857,,,,-0.3229,False,,,,,hk_prices_master.csv(tencent),
08365,亦辰集團,2025-11-04,2025-12-16,配股_08365.hk_04/11/25,1.86,1.99,0.3763,0.1022,0.2849,-0.1758,-0.1992,-0.0664,-0.0161,False,,,1.3,718415,hk_prices_master.csv(tencent),
08365,亦辰集團,2026-03-04,,配股_08365.hk_04/03/26,2.43,2.54,0.2099,-0.5062,-0.5802,,,,-0.6584,False,,,3.5,913030,hk_prices_master.csv(tencent),
08365,亦辰集團,2026-07-17,,配股_08365.hk_17/07/26,1.02,1.06,-0.3137,-0.1618,-0.1618,,,,-0.3137,False,,,1.9,2038750,hk_prices_master.csv(tencent),
08365,亦辰集團,2026-09-14,,配股_08365.hk_14/09/26,0.775,0.795,0.1032,0.1032,0.1032,,,,0.0,False,,,1.5,1657725,hk_prices_master.csv(tencent),
08366,浙江聯合投資,2026-07-29,,供股_08366.hk_29/07/26,0.021,0.021,0.0,0.0,0.0,,,,-0.0476,False,,,,0,hk_prices_master.csv(tencent),
08367,倩碧控股,2026-07-08,2026-07-28,配股_08367.hk_08/07/26,0.185,0.185,0.1189,0.0486,0.0486,-0.156,-0.224,-0.224,0.0,False,,,27.2,8600,hk_prices_master.csv(tencent),
08368,中國創意控股,2026-07-09,2026-07-30,配股_08368.hk_09/07/26,0.22,0.22,0.3182,0.0909,0.0909,0.4211,0.3158,0.2632,-0.1364,False,,,3.5,16920,hk_prices_master.csv(tencent),
08373,靛藍星,2026-07-27,,配股_08373.hk_27/07/26,0.71,0.7,0.2958,0.3239,0.3239,,,,-0.0282,False,,,9.4,9210,hk_prices_master.csv(tencent),
08373,靛藍星,2026-07-30,,配股_08373.hk_30/07/26,0.69,0.7,0.3333,0.3623,0.3623,,,,0.0,False,,,16.0,7700,hk_prices_master.csv(tencent),
08375,數盟資本,2025-12-29,2026-01-21,配股_08375.hk_29/12/25,1.23,0.96,0.9106,0.7886,0.5691,0.1442,-0.2419,0.0186,0.0,False,,,456.1,138000,hk_prices_master.csv(tencent),
08377,維港育馬,2026-07-13,2026-07-29,配股_08377.hk_13/07/26,0.094,0.094,0.3085,0.9787,0.9787,-0.1714,-0.0357,0.3286,0.0,False,,,,2220,hk_prices_master.csv(tencent),
08391,基石科技控股,2025-10-02,2025-11-18,配股_08391.hk_02/10/25,,,,,,,,,,,,,,,hk_prices_master.csv(tencent),NO_PRICE_DATA
08391,基石科技控股,2025-11-06,,配股_08391.hk_06/11/25,,,,,,,,,,,,,,,hk_prices_master.csv(tencent),NO_PRICE_DATA
08395,中顯智能齊家控股,2026-05-21,2026-08-28,配股_08395.hk_21/05/26,1.2,1.0,0.075,0.0083,0.0083,,,,-0.025,False,,,12.4,48860,hk_prices_master.csv(tencent),
08401,華夏水務集團,2025-02-07,,供股_08401.hk_07/02/25,0.109,,-0.2661,0.0917,0.0092,,,,-0.3486,False,,,,,hk_prices_master.csv(tencent),
08401,華夏水務集團,2026-07-15,2026-07-30,配股_08401.hk_15/07/26,0.032,0.032,-0.0312,0.0312,0.0312,-0.0278,-0.0556,-0.0833,-0.0625,False,,,79.3,20320,hk_prices_master.csv(tencent),
08403,德豐宿來,2026-04-10,2026-04-30,配股_08403.hk_10/04/26,2.98,2.96,0.0973,0.0738,0.0403,0.0097,0.0161,-0.0226,0.0,False,,,1.8,509890,hk_prices_master.csv(tencent),
08406,中國口腔產業,2026-03-16,2026-04-02,配股_08406.hk_16/03/26,0.067,0.079,-0.209,-0.2836,0.0746,-0.0536,-0.0893,0.5357,-0.3284,False,,,71.9,36330,hk_prices_master.csv(tencent),
08406,中國口腔產業,2026-07-27,2026-08-19,配股_08406.hk_27/07/26,0.063,0.055,0.3651,0.3175,0.3175,-0.0444,-0.0778,-0.0778,0.0,False,,,16.6,16120,hk_prices_master.csv(tencent),
08412,新愛德集團,2026-07-30,,配股_08412.hk_30/07/26,0.265,0.265,0.0189,0.0,0.0,,,,0.0,False,,,,0,hk_prices_master.csv(tencent),
08422,ＷＴ集團,2026-03-20,,供股_08422.hk_20/03/26,0.104,0.105,0.0962,0.25,0.0192,,,,-0.1058,False,,,,395,hk_prices_master.csv(tencent),
08426,雅居投資控股,2024-07-30,,供股_08426.hk_30/07/24,0.22,,0.0136,0.0636,0.1773,,,,-0.0318,False,,,,,hk_prices_master.csv(tencent),
08427,萬順瑞強集團,2025-12-03,,配股_08427.hk_03/12/25,,,,,,,,,,,,,,,hk_prices_master.csv(tencent),NO_PRICE_DATA
08431,浩柏國際,2025-10-09,,供股_08431.hk_09/10/25,0.22,0.224,0.0864,0.0318,0.7727,,,,-0.0045,False,,,17.3,10610,hk_prices_master.csv(tencent),
08431,浩柏國際,2026-03-25,2026-04-21,配股_08431.hk_25/03/26,0.4,0.385,1.325,3.475,2.45,0.1139,0.557,0.5316,0.0,False,,,3.7,105270,hk_prices_master.csv(tencent),
08445,怡康泰工程集團,2026-09-09,,配股_08445.hk_09/09/26,,,,,,,,,,,,,,,hk_prices_master.csv(tencent),NO_PRICE_DATA
08456,民信國際控股,2024-12-20,,供股_08456.hk_20/12/24,0.304,,-0.0099,0.1184,0.3487,,,,-0.0099,False,,,,,hk_prices_master.csv(tencent),
08460,基地錦標集團,2024-02-23,,供股_08460.hk_23/02/24,0.088,,-0.3523,-0.3636,-0.2727,,,,-0.5114,False,,,,,hk_prices_master.csv(tencent),
08460,基地錦標集團,2025-10-28,,配股_08460.hk_28/10/25,0.465,0.51,0.2043,3.9462,2.0323,,,,-0.3978,False,,,566.2,26535,hk_prices_master.csv(tencent),
08460,基地錦標集團,2025-12-09,2025-12-30,配股_08460.hk_09/12/25,0.54,0.54,3.1481,1.6111,2.4074,0.037,-0.3056,-0.0648,0.0,False,,,13.0,100170,hk_prices_master.csv(tencent),
08471,新達控股,2026-05-05,2026-05-27,配股_08471.hk_05/05/26,0.48,0.48,-0.0417,-0.3333,-0.3854,-0.1333,-0.475,-0.5083,-0.3854,False,,,193.1,56410,hk_prices_master.csv(tencent),
08482,萬勵達,2025-10-21,2025-11-10,配股_08482.hk_21/10/25,0.123,0.123,0.2195,0.1789,0.2358,-0.0387,-0.1613,0.0,0.0,False,,,243.9,0,hk_prices_master.csv(tencent),
08482,萬勵達,2026-07-16,,配股_08482.hk_16/07/26,0.104,0.104,0.2596,0.4904,0.4904,,,,-0.0385,False,,,92.8,4500,hk_prices_master.csv(tencent),
08489,裕程物流,2025-12-30,2026-03-06,配股_08489.hk_30/12/25,0.33,0.315,0.3182,-0.1364,-0.1667,-0.2927,-0.2439,-0.4146,-0.197,False,,,976.3,2100,hk_prices_master.csv(tencent),
08500,天泓文創,2024-05-29,,供股_08500.hk_29/05/24,0.355,,0.2817,0.0986,-0.1408,,,,-0.2113,False,,,,,hk_prices_master.csv(tencent),
08507,愛世紀集團,2026-03-19,,供股_08507.hk_19/03/26,0.145,0.142,2.5517,3.4138,4.4138,,,,0.0,False,,,4.7,497010,hk_prices_master.csv(tencent),
08510,TOPSTANDARDCORP,2025-10-21,,配股_08510.hk_21/10/25,0.1,0.1,0.25,0.63,0.56,,,,0.0,False,,,,0,hk_prices_master.csv(tencent),
08510,TOPSTANDARDCORP,2025-12-05,,配股_08510.hk_05/12/25,0.118,0.121,0.3814,0.3559,0.3559,,,,0.0,False,,,,0,hk_prices_master.csv(tencent),
08510,TOPSTANDARDCORP,2026-06-01,,配股_08510.hk_01/06/26,0.2,0.2,0.0,-0.15,-0.15,,,,-0.15,False,,,,0,hk_prices_master.csv(tencent),
08511,民富國際,2026-03-23,2026-04-30,配股_08511.hk_23/03/26,0.81,0.81,0.0494,-0.0864,-0.1235,0.125,-0.0114,-0.1932,-0.1358,False,,,,115,hk_prices_master.csv(tencent),
08516,中盈國際,2025-05-23,,供股_08516.hk_23/05/25,0.764,0.764,-0.0628,0.0903,0.2212,,,,-0.0628,False,,,,0,hk_prices_master.csv(tencent),
08537,創輝珠寶,2024-06-25,,供股_08537.hk_25/06/24,0.137,,0.1752,0.2555,0.4088,,,,-0.1314,False,,,,,hk_prices_master.csv(tencent),
08540,勝利證券,2026-09-11,,配股_08540.hk_11/09/26,,,,,,,,,,,,,,,hk_prices_master.csv(tencent),NO_PRICE_DATA
08547,PACIFIC LEGEND,2025-03-19,,供股_08547.hk_19/03/25,0.147,,-0.0204,0.0272,1.6531,,,,-0.1905,False,,,,,hk_prices_master.csv(tencent),
08547,PACIFIC LEGEND,2025-11-14,,配股_08547.hk_14/11/25,0.2,0.198,-0.74,-0.62,-0.585,,,,-0.76,False,,,10.0,2023050,hk_prices_master.csv(tencent),
08547,PACIFIC LEGEND,2025-11-18,,配股_08547.hk_18/11/25,0.196,0.196,-0.699,-0.6224,-0.5816,,,,-0.7551,False,,,11.0,2023050,hk_prices_master.csv(tencent),
08547,PACIFIC LEGEND,2025-12-10,2025-12-19,配股_08547.hk_10/12/25,0.123,0.14,-0.3577,-0.2927,0.1789,-0.4958,-0.2689,-0.3025,-0.6098,False,,,4.1,1912100,hk_prices_master.csv(tencent),
08547,PACIFIC LEGEND,2026-01-27,,供股_08547.hk_27/01/26,0.08,0.079,0.075,0.5125,0.6375,,,,-0.1375,False,,,1.6,1473335,hk_prices_master.csv(tencent),
08547,PACIFIC LEGEND,2026-08-19,,配股_08547.hk_19/08/26,0.096,0.096,-0.1771,-0.1771,-0.1771,,,,-0.2812,False,,,3.3,2966630,hk_prices_master.csv(tencent),
08603,亮晴控股,2025-11-19,2025-12-05,配股_08603.hk_19/11/25,3.18,3.05,0.9371,1.0881,0.9528,0.3474,1.0242,1.0544,0.0,False,,,18.9,286850,hk_prices_master.csv(tencent),
08611,九福來,2025-12-23,,供股_08611.hk_23/12/25,1.623,1.623,-0.5132,-0.5841,-0.5502,,,,-0.5964,False,,,3.4,1316175,hk_prices_master.csv(tencent),
08611,九福來,2026-02-16,,供股_08611.hk_16/02/26,0.805,0.86,-0.0621,-0.1242,-0.1988,,,,-0.1988,False,,,1.7,1815535,hk_prices_master.csv(tencent),
08612,維亮控股,2025-10-17,,供股_08612.hk_17/10/25,0.095,0.096,0.0632,0.2842,0.5684,,,,0.0,False,,,134.5,5130,hk_prices_master.csv(tencent),
08619,NIU HOLDINGS,2026-02-11,,供股_08619.hk_11/02/26,0.125,0.127,0.24,0.088,0.08,,,,-0.288,False,,,64.3,7515,hk_prices_master.csv(tencent),
08620,亞洲速運,2026-06-25,2026-07-20,配股_08620.hk_25/06/26,0.103,0.104,0.3592,0.3592,0.3592,0.0145,0.0145,0.0145,0.0,False,,,31.7,83050,hk_prices_master.csv(tencent),
08623,中國蜀塔,2025-02-14,,供股_08623.hk_14/02/25,0.138,,-0.0942,0.2319,-0.0217,,,,-0.1522,False,,,,,hk_prices_master.csv(tencent),
08623,中國蜀塔,2025-10-21,2025-11-07,配股_08623.hk_21/10/25,0.129,0.129,0.4031,0.6899,0.1628,-0.0629,0.3208,-0.0566,0.0,False,,,,0,hk_prices_master.csv(tencent),
08631,申港控股,2026-01-16,2026-01-29,配股_08631.hk_16/01/26,0.47,0.485,0.8298,0.234,-0.0106,0.0741,-0.0123,-0.1852,-0.0319,False,,,90.2,23765,hk_prices_master.csv(tencent),
08635,大象控股集團,2026-07-31,2026-08-25,配股_08635.hk_31/07/26,0.226,0.232,0.7035,0.8142,0.8142,0.4259,0.5185,0.5185,0.0,False,,,1.0,159808,hk_prices_master.csv(tencent),
08646,中國宏光,2026-01-21,2026-04-23,配股_08646.hk_21/01/26,0.178,0.18,0.2191,0.3483,0.4045,0.0833,0.0417,-0.0208,0.0,False,,,4.1,12900,hk_prices_master.csv(tencent),
08659,易和國際控股,2025-12-24,2026-03-31,配股_08659.hk_24/12/25,0.146,0.143,-0.0137,0.0205,-0.0616,-0.0141,-0.0704,-0.2887,-0.1096,False,,,2.2,147350,hk_prices_master.csv(tencent),
09600,新紐科技,2026-02-04,,配股_09600.hk_04/02/26,0.202,0.203,-0.0099,0.0149,-0.3218,,,,-0.3218,False,,,115.7,55370,hk_prices_master.csv(tencent),
09677,威海銀行,2025-12-21,2026-06-23,配股_09677.hk_21/12/25,2.935,2.945,-0.3884,-0.1567,-0.1124,0.0054,0.0091,0.0091,-0.3884,False,,,,0,hk_prices_master.csv(tencent),
09677,威海銀行,2026-06-14,,配股_09677.hk_14/06/26,2.745,2.745,0.0018,0.0128,0.0128,,,,0.0,False,,,,2555,hk_prices_master.csv(tencent),
09678,雲知聲,2026-01-16,2026-01-22,配股_09678.hk_16/01/26,280.2,300.0,0.0842,0.384,-0.162,0.3653,0.3213,0.4234,-0.2313,False,,,29.8,60809200,hk_prices_master.csv(tencent),
09678,雲知聲,2026-02-03,2026-02-09,配股_09678.hk_03/02/26,352.2,376.6,-0.2073,-0.1403,-0.525,-0.0788,0.0541,0.0349,-0.5514,False,,,12.4,59833550,hk_prices_master.csv(tencent),
09678,雲知聲,2026-05-28,2026-06-04,配股_09678.hk_28/05/26,261.2,284.6,-0.7502,-0.7226,-0.7226,-0.3587,-0.6732,-0.6553,-0.7523,False,,,2.5,104884400,hk_prices_master.csv(tencent),
09689,金泰豐國際控股,2026-05-29,,配股_09689.hk_29/05/26,0.7,0.7,0.0,-0.15,-0.3143,,,,-0.3286,False,,,92.3,39200,hk_prices_master.csv(tencent),
09689,金泰豐國際控股,2026-07-16,2026-08-05,配股_09689.hk_16/07/26,0.69,0.69,-0.2029,-0.3043,-0.3043,-0.075,-0.2083,-0.2,-0.3188,False,,,22.8,46000,hk_prices_master.csv(tencent),
09696,天齊鋰業,2026-02-04,2026-02-11,配股_09696.hk_04/02/26,49.5,49.5,-0.1943,0.2576,-0.1446,-0.0014,0.1009,0.2632,-0.1943,False,,,2.0,279752850,hk_prices_master.csv(tencent),
09858,優然牧業,2026-01-16,2026-01-26,配股_09858.hk_16/01/26,4.38,4.3,0.0183,-0.0936,-0.29,0.1789,0.0665,-0.117,-0.3333,False,,,22.1,72081875,hk_prices_master.csv(tencent),
09880,優必選,2025-11-25,2025-12-02,配股_09880.hk_25/11/25,110.6,111.5,0.1456,0.1564,-0.0398,0.0,0.1914,-0.0116,-0.2278,False,,,3.0,1202020350,hk_prices_master.csv(tencent),
09903,天數智芯,2026-07-09,2026-07-13,配股_09903.hk_09/07/26,197.667,186.667,-0.3558,-0.3651,-0.3651,-0.2146,-0.2479,-0.2156,-0.4745,False,,,4.1,450471550,hk_prices_master.csv(tencent),
09936,稀美資源,2026-06-03,2026-06-10,配股_09936.hk_03/06/26,,,,,,,,,,,,,,,hk_prices_master.csv(tencent),NO_PRICE_DATA
09939,開拓藥業－Ｂ,2025-11-12,,配股_09939.hk_12/11/25,,,,,,,,,,,,,,,hk_prices_master.csv(tencent),NO_PRICE_DATA
09958,力天影業,2026-01-14,2026-02-04,配股_09958.hk_14/01/26,0.2,0.2,-0.08,-0.13,-0.265,-0.08,-0.075,-0.08,-0.35,False,,,3.2,368500,hk_prices_master.csv(tencent),
09958,力天影業,2026-04-10,2026-04-22,配股_09958.hk_10/04/26,0.183,0.185,-0.2186,-0.1475,-0.2787,-0.2135,-0.1742,-0.2303,-0.3279,False,,,7.0,1220300,hk_prices_master.csv(tencent),
09958,力天影業,2026-08-27,,供股_09958.hk_27/08/26,,,,,,,,,,,,,,,hk_prices_master.csv(tencent),ANN_DATE_AFTER_LAST_PRICE
09963,高科橋光導,2025-12-17,2026-01-06,配股_09963.hk_17/12/25,0.54,0.495,1.7037,2.9444,9.7037,-0.2135,0.0393,0.2416,0.0,False,,,6852.0,3250,hk_prices_master.csv(tencent),
09963,高科橋光導,2026-08-14,2026-08-28,配股_09963.hk_14/08/26,7.65,8.28,0.2431,0.2431,0.2431,-0.0741,-0.102,-0.102,0.0,False,,,5.0,4170650,hk_prices_master.csv(tencent),
09982,中原建業,2026-06-18,2026-08-14,配股_09982.hk_18/06/26,0.099,0.103,-0.0707,-0.0909,-0.0909,,,,-0.0909,False,,,3.3,456090,hk_prices_master.csv(tencent),
09988,阿里巴巴－Ｗ,2026-08-24,2026-08-26,配股_09988.hk_24/08/26,112.5,123.0,-0.0658,-0.0658,-0.0658,-0.0918,-0.0986,-0.0986,-0.0658,False,,,3.7,10148453870,hk_prices_master.csv(tencent),
